id,idConsumidor,nitEmpresa,estado,porcentajeDescuento ,valor
1001,1987,1016,INVITAMIGO,21,40
1002,1564,1586,DESC10,90,30
1003,1471,1869,FREESHIP,82,52
1004,1163,1154,OFERTA20,74,35
1005,1635,1493,HAPPYHOUR,24,1
1006,1576,1352,HAPPYHOUR,86,26
1007,1668,1056,BIENVENIDO,37,34
1008,1509,1355,OFERTA20,73,31
1009,1074,1798,DESC10,47,64
1010,1626,1804,HAPPYHOUR,76,2
1011,1544,1806,DESC10,23,45
1012,1738,1541,COMBOPROMO,33,86
1013,1859,1727,HAPPYHOUR,73,17
1014,1818,1211,HAPPYHOUR,100,47
1015,1463,1169,BONOBDAY,32,66
1016,1190,1342,BIENVENIDO,89,54
1017,1428,1426,BONOBDAY,21,63
1018,1839,1860,HAPPYHOUR,100,96
1019,1543,1957,INVITAMIGO,32,59
1020,1665,1594,OFERTA20,81,11
1021,1572,1897,ANIVERSARIO,54,76
1022,1263,1326,DESC10,91,13
1023,1430,1730,OFERTA20,55,28
1024,1498,1647,FREESHIP,59,17
1025,1271,1201,DESC10,50,67
1026,1308,1063,HAPPYHOUR,94,27
1027,1421,1467,OFERTA20,21,2
1028,1207,1665,DESC10,52,33
1029,1775,1086,BIENVENIDO,88,7
1030,1786,1315,INVITAMIGO,56,86
1031,1955,1171,BIENVENIDO,27,40
1032,1936,1230,INVITAMIGO,62,55
1033,1320,1241,ANIVERSARIO,21,28
1034,1480,1480,BONOBDAY,14,30
1035,1967,1870,OFERTA20,21,94
1036,1733,1356,COMBOPROMO,36,91
1037,1998,1318,BONOBDAY,8,44
1038,1546,1316,OFERTA20,100,2
1039,1506,1003,OFERTA20,75,11
1040,1083,1637,DESC10,69,88
1041,1861,1838,ANIVERSARIO,36,43
1042,1545,1256,OFERTA20,76,83
1043,1530,1599,INVITAMIGO,96,27
1044,1758,1232,COMBOPROMO,72,21
1045,1166,1840,BONOBDAY,46,5
1046,1465,1346,HAPPYHOUR,51,5
1047,1954,1399,HAPPYHOUR,81,10
1048,1134,1689,HAPPYHOUR,60,95
1049,1249,1407,OFERTA20,32,40
1050,1701,1472,FREESHIP,84,29
1051,1469,1578,BIENVENIDO,79,40
1052,1488,1624,DESC10,8,58
1053,1553,1754,BONOBDAY,98,55
1054,1136,1251,DESC10,30,40
1055,1464,1044,OFERTA20,30,93
1056,1844,1500,DESC10,19,54
1057,1004,1675,BIENVENIDO,35,30
1058,1984,1108,COMBOPROMO,13,6
1059,1951,1579,INVITAMIGO,8,56
1060,1627,1720,COMBOPROMO,28,25
1061,1558,1879,DESC10,43,16
1062,1084,1503,OFERTA20,13,80
1063,1705,1904,ANIVERSARIO,92,28
1064,1436,1136,INVITAMIGO,19,80
1065,1515,1903,INVITAMIGO,20,52
1066,1511,1432,BONOBDAY,57,91
1067,1956,1855,BONOBDAY,1,24
1068,1520,1737,FREESHIP,89,19
1069,1120,1684,DESC10,83,15
1070,1101,1122,FREESHIP,87,94
1071,1579,1185,BONOBDAY,100,71
1072,1031,1295,OFERTA20,92,72
1073,1247,1997,DESC10,69,33
1074,1536,1403,OFERTA20,26,4
1075,1613,1107,FREESHIP,76,91
1076,1264,1068,HAPPYHOUR,31,95
1077,1638,1319,HAPPYHOUR,100,61
1078,1291,1692,OFERTA20,42,95
1079,1066,1710,COMBOPROMO,87,13
1080,1740,1189,ANIVERSARIO,16,30
1081,1650,1453,FREESHIP,39,5
1082,1036,1998,INVITAMIGO,41,27
1083,1016,1437,INVITAMIGO,78,65
1084,1678,1716,BONOBDAY,96,32
1085,1644,1317,HAPPYHOUR,91,51
1086,1606,1174,OFERTA20,40,9
1087,1794,1097,COMBOPROMO,1,68
1088,1764,1803,BIENVENIDO,8,79
1089,1534,1906,HAPPYHOUR,73,62
1090,1313,1694,BIENVENIDO,38,96
1091,1298,1183,BONOBDAY,80,93
1092,1899,1569,DESC10,75,33
1093,1222,1360,OFERTA20,65,5
1094,1257,1585,BIENVENIDO,92,75
1095,1347,1029,BONOBDAY,83,66
1096,1646,1651,FREESHIP,2,10
1097,1505,1526,ANIVERSARIO,26,70
1098,1732,1091,OFERTA20,1,64
1099,1925,1797,DESC10,97,2
1100,1387,1588,BIENVENIDO,28,68
1101,1950,1930,BONOBDAY,54,34
1102,1819,1958,BIENVENIDO,52,99
1103,1853,1638,BIENVENIDO,62,33
1104,1168,1842,BONOBDAY,64,94
1105,1145,1314,HAPPYHOUR,77,75
1106,1048,1926,BONOBDAY,65,1
1107,1092,1794,DESC10,64,94
1108,1643,1773,BIENVENIDO,36,21
1109,1151,1621,BIENVENIDO,1,13
1110,1093,1283,DESC10,86,38
1111,1026,1563,FREESHIP,54,49
1112,1681,1555,BONOBDAY,79,37
1113,1889,1943,HAPPYHOUR,97,41
1114,1490,1335,DESC10,33,17
1115,1393,1088,BONOBDAY,54,60
1116,1625,1012,INVITAMIGO,74,18
1117,1502,1330,INVITAMIGO,92,89
1118,1504,1290,FREESHIP,64,93
1119,1854,1304,COMBOPROMO,3,79
1120,1862,1471,BIENVENIDO,100,18
1121,1720,1769,HAPPYHOUR,76,63
1122,1787,1983,ANIVERSARIO,4,15
1123,1766,1964,ANIVERSARIO,1,13
1124,1366,1121,HAPPYHOUR,51,54
1125,1693,1269,FREESHIP,6,85
1126,1887,1244,BIENVENIDO,21,42
1127,1248,1412,OFERTA20,95,16
1128,1470,1923,FREESHIP,89,14
1129,1674,1714,FREESHIP,65,51
1130,1100,1852,BONOBDAY,64,16
1131,1777,1036,FREESHIP,76,74
1132,1851,1413,DESC10,36,67
1133,1344,1262,OFERTA20,96,42
1134,1082,1893,HAPPYHOUR,32,53
1135,1353,1030,OFERTA20,70,52
1136,1717,1682,DESC10,45,55
1137,1652,1277,DESC10,78,8
1138,1813,1217,BIENVENIDO,86,100
1139,1596,1542,DESC10,18,60
1140,1872,1699,BONOBDAY,82,27
1141,1482,1118,BIENVENIDO,65,43
1142,1496,1307,ANIVERSARIO,44,74
1143,1541,1011,ANIVERSARIO,11,2
1144,1418,1040,BIENVENIDO,54,92
1145,1622,1559,BONOBDAY,29,81
1146,1461,1655,FREESHIP,88,54
1147,1611,1281,BIENVENIDO,82,1
1148,1614,1048,HAPPYHOUR,16,96
1149,1172,1084,FREESHIP,63,89
1150,1158,1663,ANIVERSARIO,28,73
1151,1661,1037,DESC10,57,80
1152,1809,1646,OFERTA20,18,100
1153,1186,1504,BIENVENIDO,33,71
1154,1288,1554,HAPPYHOUR,26,78
1155,1855,1348,COMBOPROMO,69,27
1156,1132,1685,OFERTA20,43,30
1157,1990,1410,COMBOPROMO,96,80
1158,1219,1753,HAPPYHOUR,78,91
1159,1368,1137,BIENVENIDO,5,46
1160,1724,1536,INVITAMIGO,7,92
1161,1332,1659,OFERTA20,78,86
1162,1501,1898,ANIVERSARIO,88,53
1163,1097,1274,DESC10,37,83
1164,1666,1065,INVITAMIGO,69,95
1165,1019,1877,BIENVENIDO,35,25
1166,1637,1433,FREESHIP,93,37
1167,1375,1138,INVITAMIGO,55,48
1168,1010,1110,HAPPYHOUR,67,32
1169,1447,1322,BIENVENIDO,71,91
1170,1090,1026,BONOBDAY,94,53
1171,1968,1915,ANIVERSARIO,71,6
1172,1307,1946,BIENVENIDO,72,42
1173,1537,1782,ANIVERSARIO,47,17
1174,1848,1176,COMBOPROMO,87,54
1175,1628,1298,HAPPYHOUR,49,24
1176,1878,1104,HAPPYHOUR,76,36
1177,1253,1007,OFERTA20,18,57
1178,1610,1572,INVITAMIGO,64,46
1179,1774,1167,COMBOPROMO,63,41
1180,1893,1937,BIENVENIDO,39,77
1181,1363,1657,HAPPYHOUR,96,6
1182,1448,1289,FREESHIP,86,96
1183,1167,1379,DESC10,28,51
1184,1306,1901,BONOBDAY,5,81
1185,1201,1683,COMBOPROMO,40,95
1186,1800,1140,BONOBDAY,54,88
1187,1208,1381,BIENVENIDO,49,97
1188,1094,1208,OFERTA20,94,25
1189,1900,1771,HAPPYHOUR,62,96
1190,1589,1780,BONOBDAY,74,28
1191,1414,1583,HAPPYHOUR,94,84
1192,1824,1327,COMBOPROMO,82,14
1193,1070,1404,BONOBDAY,14,17
1194,1636,1439,BIENVENIDO,82,3
1195,1113,1666,ANIVERSARIO,71,14
1196,1369,1024,COMBOPROMO,29,44
1197,1685,1623,INVITAMIGO,76,71
1198,1357,1679,DESC10,45,94
1199,1591,1486,COMBOPROMO,96,78
1200,1891,1264,HAPPYHOUR,17,54
1201,1050,1450,COMBOPROMO,6,32
1202,1241,1246,INVITAMIGO,53,43
1203,1531,1255,OFERTA20,80,17
1204,1847,1779,INVITAMIGO,34,24
1205,1160,1818,BONOBDAY,46,84
1206,1631,1791,ANIVERSARIO,12,92
1207,1713,1166,COMBOPROMO,87,3
1208,1897,1518,DESC10,80,65
1209,1673,1967,ANIVERSARIO,21,4
1210,1597,1156,HAPPYHOUR,39,85
1211,1497,1912,ANIVERSARIO,43,87
1212,1965,1442,OFERTA20,18,41
1213,1805,1658,DESC10,81,18
1214,1642,1213,BIENVENIDO,72,60
1215,1888,1402,COMBOPROMO,51,42
1216,1739,1145,INVITAMIGO,15,84
1217,1442,1226,DESC10,58,82
1218,1341,1391,DESC10,10,65
1219,1296,1271,BIENVENIDO,12,23
1220,1255,1510,OFERTA20,56,49
1221,1405,1455,HAPPYHOUR,23,76
1222,1858,1537,BONOBDAY,76,99
1223,1228,1644,INVITAMIGO,68,27
1224,1714,1653,BIENVENIDO,23,26
1225,1727,1082,INVITAMIGO,57,53
1226,1408,1419,DESC10,96,44
1227,1791,1881,OFERTA20,40,69
1228,1941,1116,DESC10,49,28
1229,1342,1634,BIENVENIDO,99,1
1230,1425,1577,BIENVENIDO,92,37
1231,1749,1388,BIENVENIDO,96,40
1232,1516,1194,BONOBDAY,89,27
1233,1484,1756,BIENVENIDO,64,88
1234,1751,1186,BIENVENIDO,47,84
1235,1115,1022,HAPPYHOUR,68,35
1236,1524,1103,DESC10,32,67
1237,1402,1035,OFERTA20,56,39
1238,1609,1843,BIENVENIDO,14,58
1239,1575,1823,ANIVERSARIO,6,48
1240,1458,1117,COMBOPROMO,6,19
1241,1493,1059,BONOBDAY,80,35
1242,1519,1311,BONOBDAY,16,94
1243,1996,1615,DESC10,11,38
1244,1686,1285,COMBOPROMO,100,80
1245,1433,1254,OFERTA20,26,3
1246,1007,1884,HAPPYHOUR,48,75
1247,1224,1936,BIENVENIDO,72,70
1248,1161,1142,DESC10,40,50
1249,1658,1911,INVITAMIGO,72,75
1250,1494,1660,FREESHIP,51,30
1251,1230,1461,INVITAMIGO,63,84
1252,1267,1021,INVITAMIGO,66,14
1253,1960,1995,INVITAMIGO,85,87
1254,1266,1406,DESC10,2,60
1255,1571,1039,BIENVENIDO,45,33
1256,1785,1377,OFERTA20,47,96
1257,1623,1421,HAPPYHOUR,48,46
1258,1165,1945,OFERTA20,17,88
1259,1868,1981,HAPPYHOUR,35,11
1260,1213,1340,FREESHIP,90,35
1261,1995,1573,HAPPYHOUR,4,1
1262,1587,1364,COMBOPROMO,77,10
1263,1602,1329,DESC10,53,6
1264,1590,1139,ANIVERSARIO,40,83
1265,1924,1740,ANIVERSARIO,63,18
1266,1391,1819,OFERTA20,11,5
1267,1838,1005,BIENVENIDO,2,49
1268,1377,1075,DESC10,46,85
1269,1550,1078,BIENVENIDO,17,90
1270,1126,1131,ANIVERSARIO,59,97
1271,1415,1064,INVITAMIGO,95,13
1272,1394,1093,FREESHIP,64,50
1273,1711,1443,INVITAMIGO,46,81
1274,1080,1770,ANIVERSARIO,44,56
1275,1005,1908,BIENVENIDO,46,2
1276,1364,1215,BIENVENIDO,10,27
1277,1736,1380,BONOBDAY,22,33
1278,1648,1639,COMBOPROMO,2,21
1279,1138,1672,FREESHIP,1,23
1280,1192,1157,BIENVENIDO,12,41
1281,1669,1050,OFERTA20,88,76
1282,1707,1384,HAPPYHOUR,82,91
1283,1919,1890,BIENVENIDO,12,76
1284,1015,1234,HAPPYHOUR,68,58
1285,1435,1749,ANIVERSARIO,63,27
1286,1784,1362,COMBOPROMO,10,73
1287,1215,1359,INVITAMIGO,56,4
1288,1176,1746,HAPPYHOUR,89,8
1289,1874,1515,HAPPYHOUR,33,38
1290,1479,1974,BIENVENIDO,51,49
1291,1567,1373,FREESHIP,26,74
1292,1958,1507,COMBOPROMO,60,86
1293,1012,1350,BONOBDAY,2,36
1294,1330,1944,OFERTA20,99,3
1295,1367,1768,INVITAMIGO,98,16
1296,1566,1320,BONOBDAY,29,65
1297,1182,1750,BIENVENIDO,33,34
1298,1770,1568,BONOBDAY,63,66
1299,1412,1743,BIENVENIDO,98,66
1300,1618,1394,INVITAMIGO,44,35
1301,1042,1628,ANIVERSARIO,15,12
1302,1863,1042,BONOBDAY,64,22
1303,1106,1667,BIENVENIDO,78,86
1304,1773,1676,OFERTA20,97,20
1305,1399,1172,FREESHIP,8,65
1306,1025,1150,DESC10,73,21
1307,1694,1363,COMBOPROMO,62,97
1308,1081,1481,INVITAMIGO,17,32
1309,1910,1484,OFERTA20,46,96
1310,1928,1790,OFERTA20,21,89
1311,1194,1505,INVITAMIGO,25,43
1312,1535,1678,ANIVERSARIO,55,89
1313,1043,2000,BONOBDAY,4,12
1314,1906,1527,BIENVENIDO,43,46
1315,1355,1517,COMBOPROMO,13,6
1316,1170,1595,OFERTA20,46,69
1317,1974,1261,FREESHIP,18,10
1318,1462,1712,HAPPYHOUR,62,66
1319,1765,1866,ANIVERSARIO,38,20
1320,1616,1680,INVITAMIGO,91,47
1321,1013,1288,DESC10,99,78
1322,1431,1758,BIENVENIDO,85,62
1323,1258,1996,ANIVERSARIO,26,42
1324,1980,1616,ANIVERSARIO,35,79
1325,1977,1233,HAPPYHOUR,61,74
1326,1880,1739,OFERTA20,42,78
1327,1056,1243,HAPPYHOUR,28,61
1328,1653,1248,DESC10,43,54
1329,1321,1708,COMBOPROMO,54,5
1330,1721,1705,INVITAMIGO,18,23
1331,1715,1129,ANIVERSARIO,24,33
1332,1376,1418,DESC10,86,29
1333,1799,1218,ANIVERSARIO,80,95
1334,1982,1548,HAPPYHOUR,24,95
1335,1969,1807,BONOBDAY,35,82
1336,1943,1095,HAPPYHOUR,22,13
1337,1220,1324,BONOBDAY,84,52
1338,1663,1982,BONOBDAY,82,67
1339,1280,1303,FREESHIP,28,48
1340,1276,1824,FREESHIP,6,28
1341,1029,1907,HAPPYHOUR,41,29
1342,1704,1398,BIENVENIDO,97,99
1343,1725,1253,FREESHIP,27,38
1344,1915,1276,FREESHIP,6,39
1345,1647,1864,INVITAMIGO,15,32
1346,1095,1917,OFERTA20,18,35
1347,1832,1670,ANIVERSARIO,44,97
1348,1486,1914,DESC10,62,32
1349,1744,1921,FREESHIP,72,60
1350,1256,1009,OFERTA20,73,32
1351,1595,1613,DESC10,79,29
1352,1314,1079,FREESHIP,17,36
1353,1997,1600,FREESHIP,9,81
1354,1512,1028,INVITAMIGO,76,49
1355,1169,1511,FREESHIP,61,78
1356,1875,1799,INVITAMIGO,79,74
1357,1175,1580,BONOBDAY,26,83
1358,1961,1478,OFERTA20,73,93
1359,1864,1497,HAPPYHOUR,15,82
1360,1252,1387,ANIVERSARIO,99,80
1361,1523,1193,OFERTA20,36,12
1362,1476,1529,COMBOPROMO,38,20
1363,1992,1332,DESC10,32,6
1364,1322,1447,OFERTA20,67,40
1365,1451,1354,HAPPYHOUR,5,45
1366,1104,1331,HAPPYHOUR,15,4
1367,1260,1831,ANIVERSARIO,57,94
1368,1254,1427,DESC10,34,34
1369,1035,1752,OFERTA20,20,13
1370,1444,1477,FREESHIP,73,1
1371,1099,1294,HAPPYHOUR,41,55
1372,1233,1801,ANIVERSARIO,53,100
1373,1290,1551,BIENVENIDO,10,49
1374,1981,1934,INVITAMIGO,57,3
1375,1938,1805,INVITAMIGO,60,55
1376,1845,1979,BIENVENIDO,23,95
1377,1274,1197,FREESHIP,83,98
1378,1944,1783,BIENVENIDO,30,68
1379,1460,1299,DESC10,22,31
1380,1655,1880,OFERTA20,58,42
1381,1195,1257,OFERTA20,73,28
1382,1683,1191,INVITAMIGO,43,81
1383,1279,1465,OFERTA20,6,31
1384,1674,1224,DESC10,53,21
1385,1157,1080,FREESHIP,31,71
1386,1756,1851,INVITAMIGO,32,33
1387,1342,1177,ANIVERSARIO,21,94
1388,1154,1081,BONOBDAY,12,52
1389,1213,1952,FREESHIP,95,79
1390,1265,1282,COMBOPROMO,66,5
1391,1672,1132,OFERTA20,3,95
1392,1405,1417,DESC10,89,23
1393,1612,1200,BIENVENIDO,95,96
1394,1300,1053,DESC10,12,44
1395,1832,1954,ANIVERSARIO,81,72
1396,1470,1240,OFERTA20,41,92
1397,1135,1408,DESC10,67,66
1398,1329,1767,BIENVENIDO,21,69
1399,1136,1403,FREESHIP,49,69
1400,1902,1949,ANIVERSARIO,69,32
1401,1166,1332,COMBOPROMO,28,79
1402,1720,1734,BIENVENIDO,55,54
1403,1744,1417,BONOBDAY,53,33
1404,1303,1326,BIENVENIDO,61,89
1405,1640,1489,DESC10,88,71
1406,1712,1632,HAPPYHOUR,54,46
1407,1920,1338,BONOBDAY,64,95
1408,1127,1195,DESC10,87,53
1409,1277,1691,BIENVENIDO,28,77
1410,1642,1790,DESC10,60,28
1411,1606,1078,BIENVENIDO,12,38
1412,1129,1227,DESC10,12,9
1413,1770,1458,HAPPYHOUR,11,24
1414,1223,1102,ANIVERSARIO,13,68
1415,1812,1511,BIENVENIDO,58,19
1416,1960,1313,COMBOPROMO,87,77
1417,1935,1903,BIENVENIDO,48,32
1418,1010,1404,DESC10,26,69
1419,1875,1793,BONOBDAY,90,17
1420,1155,1350,ANIVERSARIO,12,32
1421,1349,1204,COMBOPROMO,1,46
1422,1714,1472,INVITAMIGO,5,34
1423,1264,1530,COMBOPROMO,48,46
1424,1597,1358,BONOBDAY,47,29
1425,1627,1412,COMBOPROMO,27,60
1426,1900,1062,ANIVERSARIO,92,67
1427,1843,1230,FREESHIP,71,66
1428,1958,1506,DESC10,84,2
1429,1779,1721,HAPPYHOUR,23,30
1430,1954,1817,BONOBDAY,11,28
1431,1434,1958,INVITAMIGO,70,12
1432,1153,1120,INVITAMIGO,50,49
1433,1725,1689,HAPPYHOUR,42,69
1434,1522,1374,COMBOPROMO,44,73
1435,1376,1339,COMBOPROMO,64,49
1436,1260,1491,FREESHIP,7,29
1437,1340,1547,HAPPYHOUR,85,12
1438,1757,1510,FREESHIP,84,77
1439,1366,1921,INVITAMIGO,9,5
1440,1988,1137,DESC10,42,38
1441,1801,1757,HAPPYHOUR,49,82
1442,1650,1859,DESC10,11,28
1443,1324,1651,COMBOPROMO,46,87
1444,1541,1186,DESC10,25,15
1445,1594,1353,BONOBDAY,70,20
1446,1745,1948,FREESHIP,51,92
1447,1316,1451,COMBOPROMO,59,77
1448,1412,1661,BONOBDAY,67,35
1449,1908,1776,HAPPYHOUR,65,81
1450,1233,1413,HAPPYHOUR,2,65
1451,1523,1077,DESC10,27,14
1452,1659,1680,COMBOPROMO,57,20
1453,1057,1043,FREESHIP,72,36
1454,1839,1616,DESC10,29,94
1455,1516,1631,BIENVENIDO,55,94
1456,1957,1235,INVITAMIGO,34,7
1457,1297,1602,COMBOPROMO,100,24
1458,1331,1282,BONOBDAY,87,90
1459,1251,1536,BIENVENIDO,97,93
1460,1359,1831,FREESHIP,20,17
1461,1543,1561,BIENVENIDO,36,40
1462,1926,1379,BIENVENIDO,22,94
1463,1760,1956,INVITAMIGO,22,90
1464,1590,1712,HAPPYHOUR,11,32
1465,1856,1773,INVITAMIGO,15,42
1466,1139,1364,FREESHIP,3,68
1467,1385,1465,COMBOPROMO,35,46
1468,1232,1017,ANIVERSARIO,98,47
1469,1104,1155,FREESHIP,69,59
1470,1020,1866,BONOBDAY,78,93
1471,1769,1108,HAPPYHOUR,97,30
1472,1676,1433,DESC10,71,20
1473,1824,1056,DESC10,13,37
1474,1421,1927,BIENVENIDO,34,39
1475,1312,1090,BONOBDAY,89,86
1476,1781,1983,FREESHIP,39,59
1477,1307,1814,ANIVERSARIO,55,100
1478,1979,1756,FREESHIP,31,19
1479,1408,1718,OFERTA20,83,58
1480,1641,1906,INVITAMIGO,29,19
1481,1483,1133,OFERTA20,46,100
1482,1948,1931,OFERTA20,41,49
1483,1445,1844,ANIVERSARIO,64,49
1484,1680,1876,BONOBDAY,66,34
1485,1169,1566,HAPPYHOUR,14,87
1486,1738,1821,INVITAMIGO,73,35
1487,1176,1203,ANIVERSARIO,92,11
1488,1576,1568,INVITAMIGO,83,100
1489,1701,1650,ANIVERSARIO,18,78
1490,1529,1188,COMBOPROMO,77,72
1491,1315,1426,INVITAMIGO,90,22
1492,1103,1197,HAPPYHOUR,81,27
1493,1746,1655,HAPPYHOUR,16,24
1494,1538,1146,BONOBDAY,7,43
1495,1370,1178,HAPPYHOUR,33,32
1496,1519,1172,ANIVERSARIO,16,77
1497,1188,1057,FREESHIP,21,97
1498,1944,1855,INVITAMIGO,85,73
1499,1001,1192,DESC10,3,73
1500,1275,1376,HAPPYHOUR,28,98
1501,1403,1700,HAPPYHOUR,93,1
1502,1468,1297,BONOBDAY,32,22
1503,1384,1024,OFERTA20,61,2
1504,1613,1258,DESC10,23,53
1505,1794,1436,HAPPYHOUR,20,52
1506,1951,1622,BONOBDAY,52,81
1507,1494,1688,COMBOPROMO,55,20
1508,1417,1853,FREESHIP,15,52
1509,1014,1335,BIENVENIDO,91,65
1510,1152,1372,BIENVENIDO,43,82
1511,1217,1080,BONOBDAY,10,65
1512,1467,1069,BONOBDAY,93,90
1513,1486,1553,FREESHIP,7,2
1514,1257,1257,BONOBDAY,44,18
1515,1199,1399,BIENVENIDO,7,75
1516,1203,1498,COMBOPROMO,60,49
1517,1550,1303,INVITAMIGO,30,51
1518,1609,1400,DESC10,10,16
1519,1511,1652,COMBOPROMO,40,77
1520,1561,1892,ANIVERSARIO,69,20
1521,1202,1657,FREESHIP,18,30
1522,1649,1027,FREESHIP,17,71
1523,1180,1759,COMBOPROMO,93,45
1524,1547,1621,BIENVENIDO,73,15
1525,1887,1169,BONOBDAY,4,69
1526,1198,1940,ANIVERSARIO,74,43
1527,1721,1395,HAPPYHOUR,82,40
1528,1564,1962,COMBOPROMO,12,99
1529,1059,1537,COMBOPROMO,56,48
1530,1593,1144,FREESHIP,86,63
1531,1423,1406,BIENVENIDO,28,80
1532,1336,1295,DESC10,77,60
1533,1292,1259,FREESHIP,49,38
1534,1616,1424,OFERTA20,3,61
1535,1583,1130,INVITAMIGO,66,76
1536,1106,1684,OFERTA20,17,22
1537,1929,1479,INVITAMIGO,71,39
1538,1361,1441,COMBOPROMO,23,65
1539,1341,1368,COMBOPROMO,56,94
1540,1269,1850,ANIVERSARIO,71,93
1541,1271,1937,BIENVENIDO,1,1
1542,1861,1393,COMBOPROMO,31,79
1543,1427,1226,DESC10,24,73
1544,1525,1073,BONOBDAY,63,75
1545,1607,1678,BONOBDAY,39,94
1546,1602,1571,ANIVERSARIO,22,99
1547,1182,1019,FREESHIP,43,45
1548,1828,1988,BIENVENIDO,6,36
1549,1291,1867,COMBOPROMO,38,93
1550,1337,1390,OFERTA20,87,74
1551,1143,1765,BIENVENIDO,25,44
1552,1874,1955,HAPPYHOUR,79,20
1553,1718,1783,OFERTA20,85,69
1554,1624,1607,BIENVENIDO,40,28
1555,1177,1456,COMBOPROMO,43,50
1556,1577,1638,COMBOPROMO,43,41
1557,1787,1013,HAPPYHOUR,6,95
1558,1850,1578,INVITAMIGO,37,96
1559,1061,1271,OFERTA20,57,61
1560,1553,1362,DESC10,78,50
1561,1040,1454,FREESHIP,91,11
1562,1225,1580,INVITAMIGO,11,64
1563,1991,1781,OFERTA20,66,24
1564,1089,1014,INVITAMIGO,47,57
1565,1691,1898,BONOBDAY,73,97
1566,1081,1409,DESC10,13,16
1567,1395,1775,FREESHIP,45,82
1568,1365,1319,BONOBDAY,9,32
1569,1244,1435,HAPPYHOUR,70,7
1570,1393,1755,DESC10,18,78
1571,1826,1153,ANIVERSARIO,29,60
1572,1122,1430,BONOBDAY,99,8
1573,1039,1728,OFERTA20,90,29
1574,1147,1025,DESC10,73,69
1575,1628,1414,COMBOPROMO,80,51
1576,1151,1112,BONOBDAY,98,97
1577,1452,1243,INVITAMIGO,25,37
1578,1668,1210,ANIVERSARIO,99,46
1579,1138,1104,INVITAMIGO,11,85
1580,1134,1273,HAPPYHOUR,23,86
1581,1080,1391,BIENVENIDO,69,8
1582,1442,1916,COMBOPROMO,12,24
1583,1546,1239,BIENVENIDO,75,90
1584,1409,1582,ANIVERSARIO,18,6
1585,1280,1633,COMBOPROMO,68,16
1586,1422,1071,BIENVENIDO,37,42
1587,1551,1894,FREESHIP,67,94
1588,1326,1487,BONOBDAY,24,45
1589,1485,1269,BONOBDAY,46,61
1590,1174,1546,DESC10,15,91
1591,1121,1359,HAPPYHOUR,49,61
1592,1967,1503,DESC10,13,100
1593,1125,1823,DESC10,14,10
1594,1764,1791,BONOBDAY,91,35
1595,1855,1134,FREESHIP,100,53
1596,1268,1787,HAPPYHOUR,4,18
1597,1934,1715,COMBOPROMO,93,69
1598,1058,1061,OFERTA20,6,70
1599,1567,1762,DESC10,5,48
1600,1573,1636,BONOBDAY,49,51
1601,1782,1252,FREESHIP,99,31
1602,1473,1225,FREESHIP,8,80
1603,1976,1974,COMBOPROMO,90,94
1604,1123,1012,COMBOPROMO,69,32
1605,1727,1966,DESC10,49,21
1606,1575,1072,OFERTA20,75,9
1607,1536,1201,COMBOPROMO,92,47
1608,1062,1640,FREESHIP,67,41
1609,1469,1241,OFERTA20,89,70
1610,1253,1875,FREESHIP,65,89
1611,1226,1869,BIENVENIDO,94,4
1612,1433,1984,OFERTA20,85,40
1613,1481,1603,INVITAMIGO,25,7
1614,1726,1777,COMBOPROMO,55,45
1615,1910,1045,BIENVENIDO,81,39
1616,1054,1539,HAPPYHOUR,42,89
1617,1584,1033,BIENVENIDO,37,75
1618,1301,1738,OFERTA20,89,6
1619,1224,1989,BIENVENIDO,29,50
1620,1754,1267,BIENVENIDO,37,8
1621,1595,1849,COMBOPROMO,84,22
1622,1548,1444,DESC10,19,26
1623,1320,1294,BONOBDAY,76,77
1624,1623,1687,FREESHIP,42,76
1625,1705,1882,BONOBDAY,39,51
1626,1464,1322,COMBOPROMO,27,49
1627,1007,1504,ANIVERSARIO,46,17
1628,1938,1314,COMBOPROMO,6,29
1629,1302,1554,FREESHIP,16,91
1630,1288,1486,BONOBDAY,18,39
1631,1833,1168,FREESHIP,49,44
1632,1928,1997,HAPPYHOUR,49,39
1633,1424,1026,ANIVERSARIO,76,23
1634,1695,1519,BIENVENIDO,91,63
1635,1888,1928,OFERTA20,61,84
1636,1901,1452,ANIVERSARIO,39,8
1637,1916,1760,DESC10,97,27
1638,1580,1834,DESC10,84,21
1639,1905,1575,DESC10,89,50
1640,1617,1471,HAPPYHOUR,84,98
1641,1556,1093,INVITAMIGO,87,50
1642,1435,1936,COMBOPROMO,80,96
1643,1025,1699,BONOBDAY,25,31
1644,1285,1167,FREESHIP,88,52
1645,1906,1464,OFERTA20,49,96
1646,1504,1797,FREESHIP,82,19
1647,1603,1321,INVITAMIGO,4,85
1648,1480,1361,HAPPYHOUR,61,38
1649,1400,1911,DESC10,73,37
1650,1758,1500,BIENVENIDO,10,21
1651,1814,1280,BONOBDAY,68,1
1652,1933,1567,COMBOPROMO,28,87
1653,1415,1182,DESC10,4,63
1654,1831,1141,OFERTA20,4,71
1655,1228,1213,INVITAMIGO,87,88
1656,1293,1160,COMBOPROMO,4,17
1657,1827,1330,HAPPYHOUR,82,33
1658,1635,1517,INVITAMIGO,78,5
1659,1806,1514,BONOBDAY,79,27
1660,1869,1531,INVITAMIGO,70,37
1661,1160,1727,COMBOPROMO,82,34
1662,1732,1805,DESC10,80,41
1663,1678,1199,OFERTA20,53,47
1664,1656,1854,DESC10,28,46
1665,1939,1999,BONOBDAY,41,10
1666,1373,1223,ANIVERSARIO,61,74
1667,1465,1117,HAPPYHOUR,32,9
1668,1460,1723,BIENVENIDO,90,7
1669,1554,1236,BONOBDAY,46,22
1670,1772,1389,HAPPYHOUR,60,15
1671,1438,1089,HAPPYHOUR,59,2
1672,1892,1565,HAPPYHOUR,84,66
1673,1866,1604,COMBOPROMO,61,48
1674,1740,1068,BONOBDAY,19,57
1675,1508,1118,BONOBDAY,90,99
1676,1192,1311,INVITAMIGO,83,48
1677,1581,1596,INVITAMIGO,13,80
1678,1528,1505,HAPPYHOUR,68,6
1679,1899,1918,DESC10,80,54
1680,1266,1011,ANIVERSARIO,90,38
1681,1261,1488,FREESHIP,91,71
1682,1502,1976,BIENVENIDO,1,90
1683,1891,1761,DESC10,50,17
1684,1889,1696,COMBOPROMO,45,82
1685,1185,1401,DESC10,43,18
1686,1995,1157,INVITAMIGO,94,41
1687,1797,1164,ANIVERSARIO,38,32
1688,1813,1029,FREESHIP,22,44
1689,1222,1969,OFERTA20,51,69
1690,1391,1315,OFERTA20,94,55
1691,1112,1694,BIENVENIDO,67,30
1692,1702,1515,DESC10,60,42
1693,1854,1816,HAPPYHOUR,97,37
1694,1249,1038,BIENVENIDO,84,60
1695,1399,1419,BIENVENIDO,28,66
1696,1717,1091,DESC10,50,49
1697,1811,1333,BONOBDAY,32,2
1698,1829,1557,DESC10,58,21
1699,1386,1558,ANIVERSARIO,53,97
1700,1821,1429,HAPPYHOUR,5,16
1701,1842,1499,HAPPYHOUR,86,53
1702,1619,1686,HAPPYHOUR,62,64
1703,1517,1149,BIENVENIDO,35,24
1704,1959,1022,COMBOPROMO,34,49
1705,1971,1200,FREESHIP,35,47
1706,1853,1331,FREESHIP,5,21
1707,1043,1534,BONOBDAY,10,64
1708,1651,1739,HAPPYHOUR,43,35
1709,1968,1109,OFERTA20,22,48
1710,1357,1992,DESC10,36,95
1711,1716,1577,OFERTA20,45,91
1712,1413,1852,ANIVERSARIO,66,81
1713,1197,1023,BONOBDAY,92,39
1714,1328,1448,BIENVENIDO,99,72
1715,1985,1748,DESC10,20,6
1716,1907,1347,ANIVERSARIO,4,27
1717,1145,1388,ANIVERSARIO,84,9
1718,1685,1411,DESC10,41,21
1719,1816,1945,HAPPYHOUR,17,28
1720,1639,1929,COMBOPROMO,19,57
1721,1380,1386,BONOBDAY,84,2
1722,1248,1641,HAPPYHOUR,68,67
1723,1263,1132,COMBOPROMO,52,84
1724,1447,1129,COMBOPROMO,56,88
1725,1992,1591,ANIVERSARIO,22,97
1726,1941,1250,INVITAMIGO,76,39
1727,1759,1354,DESC10,36,10
1728,1912,1807,ANIVERSARIO,16,35
1729,1669,1841,COMBOPROMO,59,79
1730,1719,1501,COMBOPROMO,63,4
1731,1082,1301,BONOBDAY,56,76
1732,1897,1378,DESC10,23,12
1733,1749,1842,INVITAMIGO,29,39
1734,1046,1878,HAPPYHOUR,33,44
1735,1241,1041,DESC10,22,65
1736,1050,1367,ANIVERSARIO,26,25
1737,1587,1256,COMBOPROMO,8,40
1738,1052,1484,COMBOPROMO,59,82
1739,1002,1720,COMBOPROMO,32,18
1740,1009,1349,COMBOPROMO,52,47
1741,1975,1917,BIENVENIDO,89,35
1742,1840,1585,ANIVERSARIO,61,1
1743,1404,1987,COMBOPROMO,43,71
1744,1113,1467,BIENVENIDO,8,32
1745,1478,1461,ANIVERSARIO,82,68
1746,1238,1209,INVITAMIGO,65,18
1747,1881,1229,BONOBDAY,36,89
1748,1115,1818,BONOBDAY,11,11
1749,1981,1950,INVITAMIGO,37,37
1750,1808,1584,DESC10,48,60
1751,1021,1493,DESC10,4,51
1752,1072,1509,DESC10,99,33
1753,1003,1935,BONOBDAY,34,1
1754,1416,1242,OFERTA20,42,3
1755,1677,1563,OFERTA20,96,63
1756,1281,1066,FREESHIP,67,93
1757,1601,1434,HAPPYHOUR,65,78
1758,1196,1524,BIENVENIDO,53,63
1759,1457,1082,OFERTA20,95,96
1760,1273,1617,COMBOPROMO,14,91
1761,1187,1605,BONOBDAY,56,21
1762,1335,1147,DESC10,87,67
1763,1247,1302,BONOBDAY,81,47
1764,1141,1885,INVITAMIGO,28,79
1765,1953,1079,COMBOPROMO,23,64
1766,1087,1106,HAPPYHOUR,57,68
1767,1870,1848,OFERTA20,18,92
1768,1193,1538,ANIVERSARIO,74,39
1769,1044,1980,FREESHIP,8,99
1770,1838,1628,BIENVENIDO,97,80
1771,1693,1952,FREESHIP,26,49
1772,1570,1943,BIENVENIDO,27,6
1773,1959,1681,BONOBDAY,41,99
1774,1842,1047,HAPPYHOUR,90,81
1775,1542,1750,COMBOPROMO,33,34
1776,1178,1959,OFERTA20,86,93
1777,1238,1895,DESC10,44,42
1778,1544,1421,ANIVERSARIO,37,26
1779,1239,1007,COMBOPROMO,30,37
1780,1107,1819,OFERTA20,57,7
1781,1821,1371,INVITAMIGO,78,39
1782,1361,1614,COMBOPROMO,28,64
1783,1505,1523,ANIVERSARIO,12,15
1784,1101,1784,BIENVENIDO,34,45
1785,1468,1402,BONOBDAY,10,21
1786,1368,1459,DESC10,61,55
1787,1987,1278,COMBOPROMO,49,96
1788,1781,1915,BONOBDAY,95,41
1789,1566,1923,DESC10,27,46
1790,1877,1016,FREESHIP,47,36
1791,1088,1740,BIENVENIDO,26,25
1792,1706,1094,BIENVENIDO,21,31
1793,1461,1973,ANIVERSARIO,69,27
1794,1162,1190,FREESHIP,83,72
1795,1901,1968,INVITAMIGO,3,80
1796,1211,1872,FREESHIP,86,28
1797,1696,1777,HAPPYHOUR,93,62
1798,1392,1585,COMBOPROMO,35,95
1799,1276,1021,FREESHIP,34,21
1800,1709,1511,BIENVENIDO,39,36
1801,1525,1344,BONOBDAY,82,7
1802,1010,1407,DESC10,1,16
1803,1533,1971,INVITAMIGO,20,80
1804,1006,1232,ANIVERSARIO,18,20
1805,1343,1306,DESC10,40,33
1806,1978,1322,HAPPYHOUR,87,39
1807,1625,1054,HAPPYHOUR,30,79
1808,1320,1229,FREESHIP,55,57
1809,1897,1075,DESC10,86,53
1810,1144,1563,COMBOPROMO,37,39
1811,1503,1157,BIENVENIDO,53,75
1812,1796,1869,HAPPYHOUR,45,99
1813,1866,1764,ANIVERSARIO,50,68
1814,1833,1488,BIENVENIDO,5,11
1815,1484,1109,INVITAMIGO,85,21
1816,1028,1816,HAPPYHOUR,82,73
1817,1569,1442,FREESHIP,47,100
1818,1476,1854,DESC10,7,92
1819,1800,1903,BONOBDAY,87,4
1820,1104,1247,HAPPYHOUR,47,61
1821,1739,1619,OFERTA20,31,37
1822,1442,1752,ANIVERSARIO,29,52
1823,1871,1432,INVITAMIGO,59,89
1824,1228,1719,COMBOPROMO,75,8
1825,1974,1082,ANIVERSARIO,100,25
1826,1801,1965,COMBOPROMO,68,72
1827,1950,1660,OFERTA20,40,62
1828,1568,1814,INVITAMIGO,29,99
1829,1641,1942,COMBOPROMO,23,4
1830,1230,1284,DESC10,95,7
1831,1152,1030,BONOBDAY,54,33
1832,1166,1272,HAPPYHOUR,36,88
1833,1443,1757,BONOBDAY,57,3
1834,1438,1960,ANIVERSARIO,90,2
1835,1647,1131,ANIVERSARIO,96,48
1836,1698,1578,DESC10,88,29
1837,1067,1105,BONOBDAY,43,45
1838,1279,1864,FREESHIP,51,26
1839,1351,1466,FREESHIP,71,13
1840,1040,1932,ANIVERSARIO,30,17
1841,1434,1142,BIENVENIDO,68,83
1842,1066,1735,HAPPYHOUR,14,37
1843,1802,1096,COMBOPROMO,41,93
1844,1528,1850,INVITAMIGO,20,52
1845,1338,1796,COMBOPROMO,74,52
1846,1300,1017,INVITAMIGO,51,78
1847,1076,1241,OFERTA20,60,14
1848,1991,1412,FREESHIP,53,46
1849,1824,1532,BIENVENIDO,67,87
1850,1772,1667,HAPPYHOUR,98,96
1851,1668,1895,COMBOPROMO,55,33
1852,1990,1311,ANIVERSARIO,74,45
1853,1806,1005,HAPPYHOUR,64,35
1854,1923,1863,BIENVENIDO,30,74
1855,1359,1329,BONOBDAY,44,70
1856,1906,1706,DESC10,9,91
1857,1447,1497,BIENVENIDO,65,55
1858,1460,1173,HAPPYHOUR,6,5
1859,1712,1138,DESC10,10,88
1860,1554,1955,BIENVENIDO,12,3
1861,1465,1035,BONOBDAY,58,93
1862,1339,1503,HAPPYHOUR,87,52
1863,1879,1626,DESC10,53,98
1864,1009,1769,OFERTA20,77,53
1865,1122,1057,FREESHIP,13,17
1866,1344,1015,FREESHIP,8,11
1867,1233,1669,COMBOPROMO,88,48
1868,1070,1510,COMBOPROMO,42,93
1869,1526,1853,BIENVENIDO,20,99
1870,1779,1489,FREESHIP,27,1
1871,1940,1580,OFERTA20,90,1
1872,1293,1880,INVITAMIGO,71,3
1873,1134,1377,BONOBDAY,78,34
1874,1746,1283,HAPPYHOUR,98,15
1875,1034,1342,HAPPYHOUR,14,15
1876,1086,1233,DESC10,78,49
1877,1202,1203,FREESHIP,77,31
1878,1531,1840,OFERTA20,83,24
1879,1545,1455,INVITAMIGO,7,91
1880,1672,1487,BONOBDAY,53,47
1881,1717,1496,FREESHIP,63,92
1882,1347,1516,BIENVENIDO,71,61
1883,1098,1604,ANIVERSARIO,26,51
1884,1758,1946,OFERTA20,71,39
1885,1185,1907,ANIVERSARIO,94,53
1886,1808,1723,OFERTA20,59,80
1887,1968,1228,BONOBDAY,83,22
1888,1975,1948,FREESHIP,74,64
1889,1430,1359,DESC10,55,29
1890,1385,1196,ANIVERSARIO,8,16
1891,1586,1468,FREESHIP,25,61
1892,1516,1090,DESC10,100,13
1893,1154,1236,DESC10,26,22
1894,1933,1415,ANIVERSARIO,8,12
1895,1864,1595,COMBOPROMO,77,21
1896,1177,1938,ANIVERSARIO,11,66
1897,1095,1983,FREESHIP,49,65
1898,1168,1898,BONOBDAY,29,98
1899,1492,1865,BONOBDAY,51,8
1900,1587,1362,ANIVERSARIO,6,79
1901,1382,1674,OFERTA20,23,95
1902,1613,1364,BONOBDAY,5,33
1903,1296,1243,DESC10,100,44
1904,1949,1217,OFERTA20,51,5
1905,1689,1231,BIENVENIDO,1,15
1906,1077,1985,COMBOPROMO,49,78
1907,1775,1132,DESC10,97,77
1908,1938,1193,INVITAMIGO,33,28
1909,1470,1711,INVITAMIGO,11,48
1910,1782,1356,OFERTA20,52,75
1911,1868,1381,OFERTA20,82,2
1912,1836,1978,HAPPYHOUR,38,39
1913,1670,1089,HAPPYHOUR,100,42
1914,1851,1201,FREESHIP,6,18
1915,1829,1586,FREESHIP,30,64
1916,1524,1533,BONOBDAY,14,97
1917,1246,1037,BIENVENIDO,48,14
1918,1118,1805,HAPPYHOUR,4,22
1919,1908,1288,COMBOPROMO,36,58
1920,1483,1336,BONOBDAY,39,81
1921,1291,1726,INVITAMIGO,8,59
1922,1341,1449,HAPPYHOUR,89,1
1923,1353,1365,BIENVENIDO,62,99
1924,1181,1129,BONOBDAY,36,92
1925,1973,1997,ANIVERSARIO,94,61
1926,1617,1166,HAPPYHOUR,13,65
1927,1815,1675,INVITAMIGO,40,17
1928,1059,1113,COMBOPROMO,9,74
1929,1131,1394,BIENVENIDO,11,68
1930,1653,1786,ANIVERSARIO,27,35
1931,1214,1596,ANIVERSARIO,47,90
1932,1110,1517,FREESHIP,17,54
1933,1963,1781,COMBOPROMO,7,26
1934,1130,1024,INVITAMIGO,60,79
1935,1559,1303,BONOBDAY,45,11
1936,1995,1026,ANIVERSARIO,76,54
1937,1967,1844,DESC10,45,63
1938,1495,1659,HAPPYHOUR,23,65
1939,1546,1080,COMBOPROMO,6,15
1940,1527,1122,INVITAMIGO,62,85
1941,1630,1258,BONOBDAY,10,28
1942,1856,1558,BIENVENIDO,54,70
1943,1931,1656,OFERTA20,75,26
1944,1757,1765,COMBOPROMO,74,44
1945,1267,1018,COMBOPROMO,61,48
1946,1776,1308,INVITAMIGO,12,38
1947,1459,1548,COMBOPROMO,34,49
1948,1038,1849,OFERTA20,6,43
1949,1952,1897,HAPPYHOUR,58,86
1950,1399,1062,ANIVERSARIO,76,93
1951,1607,1278,OFERTA20,80,58
1952,1390,1936,ANIVERSARIO,34,36
1953,1636,1697,COMBOPROMO,96,2
1954,1928,1620,OFERTA20,72,43
1955,1771,1387,OFERTA20,96,52
1956,1136,1363,FREESHIP,82,54
1957,1069,1676,ANIVERSARIO,42,48
1958,1055,1348,DESC10,29,9
1959,1892,1223,BIENVENIDO,70,90
1960,1890,1746,BIENVENIDO,57,7
1961,1563,1650,FREESHIP,70,32
1962,1507,1725,HAPPYHOUR,47,67
1963,1809,1877,DESC10,89,14
1964,1863,1416,DESC10,15,22
1965,1057,1847,BONOBDAY,41,10
1966,1732,1966,BONOBDAY,50,53
1967,1389,1956,OFERTA20,54,32
1968,1115,1210,DESC10,51,54
1969,1534,1164,BONOBDAY,35,71
1970,1667,1010,COMBOPROMO,71,31
1971,1463,1717,COMBOPROMO,26,15
1972,1520,1443,FREESHIP,91,28
1973,1044,1543,DESC10,1,84
1974,1550,1120,DESC10,20,13
1975,1091,1087,DESC10,25,23
1976,1415,1199,OFERTA20,66,72
1977,1045,1320,DESC10,33,69
1978,1845,1427,INVITAMIGO,35,71
1979,1482,1335,FREESHIP,7,63
1980,1925,1772,FREESHIP,1,30
1981,1674,1242,INVITAMIGO,54,6
1982,1565,1989,INVITAMIGO,67,97
1983,1253,1617,ANIVERSARIO,14,89
1984,1260,1557,HAPPYHOUR,66,45
1985,1593,1425,DESC10,76,98
1986,1197,1547,ANIVERSARIO,22,44
1987,1730,1512,BIENVENIDO,99,12
1988,1082,1103,OFERTA20,22,53
1989,1724,1915,HAPPYHOUR,51,26
1990,1599,1403,FREESHIP,96,83
1991,1386,1295,ANIVERSARIO,2,14
1992,1558,1181,COMBOPROMO,75,18
1993,1049,1042,INVITAMIGO,89,91
1994,1691,1182,COMBOPROMO,81,58
1995,1206,1460,HAPPYHOUR,94,50
1996,1376,1177,OFERTA20,69,93
1997,1904,1495,DESC10,61,27
1998,1651,1529,OFERTA20,88,8
1999,1793,1287,BONOBDAY,88,1
2000,1029,1502,FREESHIP,29,46
