id,fecha,fechaEntrega,estado,nombreDomiciliario,idDomiciliario,costo
1001,12/19/2023,1/2/2024,E,Ofilia,861,16321
1002,1/18/2024,4/21/2023,E,Royce,4,9723
1003,6/10/2023,9/9/2023,E,Sherwin,654,24646
1004,11/2/2023,2/1/2024,E,Albert,43,19915
1005,8/14/2023,12/25/2023,C,Milicent,857,26792
1006,7/11/2023,12/1/2023,R,Bary,652,34904
1007,5/1/2023,5/15/2023,C,Shirl,431,28297
1008,11/13/2023,2/6/2024,R,Wallache,467,12463
1009,8/20/2023,5/1/2023,R,Lin,422,47859
1010,3/18/2024,5/2/2023,R,Kim,646,27626
1011,12/27/2023,12/1/2023,R,Carmon,951,43431
1012,10/15/2023,10/30/2023,C,Vidovic,865,654
1013,1/11/2024,8/13/2023,E,Berky,245,45819
1014,6/22/2023,5/1/2023,E,Burlie,956,20799
1015,3/27/2024,3/6/2024,P,Terese,649,46008
1016,5/21/2023,6/2/2023,E,Micheal,921,47652
1017,3/14/2024,9/24/2023,R,Cassandra,208,37920
1018,12/1/2023,6/9/2023,P,Mira,160,14931
1019,6/30/2023,7/9/2023,P,Nerta,24,3423
1020,11/26/2023,3/12/2024,C,Cullan,339,3546
1021,7/24/2023,6/11/2023,P,Edwina,789,26548
1022,7/5/2023,10/9/2023,P,Vittoria,375,1070
1023,9/6/2023,4/18/2023,P,Andriana,596,4757
1024,2/3/2024,10/26/2023,E,Addie,247,40963
1025,4/10/2024,9/24/2023,P,Gwenni,366,40604
1026,2/8/2024,7/22/2023,C,Gabriele,234,8330
1027,11/18/2023,3/25/2024,P,Bunni,65,32263
1028,9/23/2023,6/1/2023,C,Gwynne,812,33912
1029,2/9/2024,11/15/2023,C,Wynnie,546,35521
1030,6/9/2023,3/15/2024,R,Ania,266,10111
1031,3/12/2024,8/11/2023,E,Tansy,157,18165
1032,4/15/2023,4/19/2023,C,Christie,513,32659
1033,4/2/2024,1/1/2024,R,Putnem,699,16842
1034,7/9/2023,8/25/2023,R,Florence,10,24497
1035,1/21/2024,3/12/2024,E,Terrijo,634,6038
1036,10/30/2023,6/17/2023,C,Karlyn,135,30366
1037,9/21/2023,11/5/2023,E,Patsy,232,41339
1038,11/15/2023,3/31/2024,C,Gardy,880,29481
1039,7/11/2023,5/22/2023,C,Stuart,118,43623
1040,6/6/2023,4/30/2023,P,Gene,669,41337
1041,8/6/2023,1/21/2024,P,Johann,923,38765
1042,1/18/2024,3/26/2024,E,Sal,379,2679
1043,7/25/2023,8/7/2023,C,Chan,297,17481
1044,2/23/2024,3/17/2024,C,Jeddy,782,24714
1045,12/1/2023,9/6/2023,R,Rosalind,469,41410
1046,7/4/2023,5/17/2023,P,Elsie,46,42456
1047,5/4/2023,4/1/2024,P,Cole,226,13947
1048,12/3/2023,9/7/2023,C,Heloise,110,11218
1049,2/8/2024,4/1/2024,P,Dniren,475,9112
1050,12/9/2023,10/19/2023,C,Emmy,655,26974
1051,9/3/2023,12/28/2023,P,Gusti,748,44894
1052,11/5/2023,11/27/2023,E,Nealy,442,39657
1053,1/15/2024,3/12/2024,E,Arlen,696,2139
1054,4/16/2023,7/28/2023,R,Michaeline,846,36594
1055,6/2/2023,1/10/2024,R,Willdon,181,28753
1056,9/4/2023,9/27/2023,E,Rhys,581,44055
1057,6/28/2023,6/15/2023,P,Ayn,159,5412
1058,12/14/2023,7/17/2023,P,Diahann,254,35646
1059,2/26/2024,8/18/2023,C,Rosanne,443,21758
1060,8/26/2023,11/10/2023,E,Trenton,681,31266
1061,9/28/2023,9/29/2023,C,Birgitta,222,48466
1062,5/22/2023,10/27/2023,P,Elias,506,34610
1063,8/31/2023,9/13/2023,C,Johnette,768,36017
1064,4/17/2023,6/20/2023,C,Dede,399,16143
1065,2/18/2024,9/21/2023,P,Hill,81,11453
1066,2/14/2024,7/25/2023,C,Itch,734,7
1067,5/12/2023,12/1/2023,C,Joye,746,23208
1068,2/10/2024,11/12/2023,R,Tommi,97,47102
1069,1/11/2024,9/22/2023,P,Luise,456,4279
1070,9/27/2023,5/10/2023,E,Mara,547,30752
1071,1/26/2024,3/2/2024,E,Issi,661,32959
1072,10/15/2023,9/22/2023,C,Rhodie,674,40523
1073,5/17/2023,12/4/2023,R,Nichol,145,42301
1074,5/2/2023,9/12/2023,R,Juan,792,24741
1075,8/12/2023,8/22/2023,E,Tressa,893,37065
1076,10/6/2023,9/25/2023,P,Blake,454,6947
1077,11/23/2023,3/27/2024,R,Wilhelm,303,34997
1078,11/21/2023,3/19/2024,P,Alisun,19,36506
1079,8/20/2023,7/12/2023,P,Bendix,473,21792
1080,8/24/2023,12/1/2023,E,Stavro,307,30950
1081,6/3/2023,1/20/2024,E,Killie,666,23270
1082,11/28/2023,11/29/2023,P,Conny,906,6646
1083,1/20/2024,1/8/2024,E,Augustina,869,8985
1084,11/2/2023,11/21/2023,P,Berthe,340,6906
1085,3/22/2024,4/1/2024,E,Gladi,306,6500
1086,1/31/2024,10/24/2023,P,Gannon,832,8770
1087,8/25/2023,7/10/2023,P,Winfield,673,36996
1088,1/11/2024,5/13/2023,C,Happy,106,30566
1089,8/30/2023,12/25/2023,P,Vanessa,356,34021
1090,9/1/2023,12/5/2023,E,Nananne,641,2707
1091,4/11/2024,10/15/2023,R,Em,68,18367
1092,5/15/2023,12/14/2023,E,Clerc,594,1330
1093,1/30/2024,5/24/2023,C,Findley,334,39732
1094,5/18/2023,9/30/2023,P,Carroll,237,46461
1095,4/10/2024,10/11/2023,R,Bertha,122,34489
1096,11/9/2023,6/20/2023,P,Fredia,320,3887
1097,4/15/2023,8/21/2023,R,Buddy,137,46515
1098,9/17/2023,8/19/2023,E,Fernando,25,14762
1099,9/22/2023,3/16/2024,P,Jeremias,910,466
1100,2/1/2024,4/1/2024,R,Sutherland,892,10860
1101,5/22/2023,5/6/2023,R,Robbi,40,47783
1102,7/8/2023,6/30/2023,C,Johnette,61,23683
1103,9/25/2023,10/9/2023,P,Petra,330,24096
1104,9/27/2023,2/9/2024,E,Taddeusz,51,3275
1105,5/13/2023,10/22/2023,R,Tadeo,185,20422
1106,4/10/2024,4/22/2023,C,Moses,64,21618
1107,2/24/2024,3/11/2024,R,Jonah,715,23966
1108,7/8/2023,10/25/2023,C,Kimmi,721,4293
1109,8/24/2023,8/19/2023,R,Faunie,328,39245
1110,3/6/2024,12/10/2023,R,Nikolaos,354,23941
1111,9/11/2023,8/17/2023,C,Maye,914,49000
1112,11/16/2023,10/15/2023,C,Butch,969,11253
1113,3/27/2024,5/1/2023,P,Chelsae,500,32334
1114,2/2/2024,2/8/2024,P,Mace,538,22786
1115,6/13/2023,5/6/2023,R,Ennis,534,48012
1116,4/13/2023,6/16/2023,R,Hortense,887,46098
1117,5/26/2023,10/31/2023,E,Gilberte,253,38154
1118,1/25/2024,2/5/2024,P,Chev,586,5137
1119,5/8/2023,4/11/2024,E,Hubert,708,34425
1120,8/22/2023,7/5/2023,E,Gratia,376,9115
1121,4/11/2024,4/7/2024,P,Stormi,111,21949
1122,5/2/2023,8/20/2023,P,Appolonia,783,16138
1123,5/12/2023,5/27/2023,R,Roland,514,42526
1124,3/24/2024,5/7/2023,P,Jammie,36,42428
1125,9/16/2023,8/14/2023,E,Gorden,564,7149
1126,5/25/2023,4/5/2024,E,Hali,163,11395
1127,12/7/2023,4/3/2024,C,Kennith,423,23186
1128,10/28/2023,11/2/2023,P,Nike,618,40072
1129,4/28/2023,8/19/2023,C,Rowen,542,33597
1130,3/30/2024,3/18/2024,R,Megen,614,10057
1131,8/15/2023,5/15/2023,E,Judith,973,3147
1132,8/24/2023,11/8/2023,E,Fabe,854,6325
1133,5/21/2023,11/4/2023,E,Sue,706,29414
1134,2/26/2024,10/9/2023,P,Alec,490,9181
1135,8/16/2023,8/4/2023,C,Lyn,904,21884
1136,6/10/2023,8/2/2023,P,Duffy,314,18499
1137,7/20/2023,9/28/2023,P,Ethelyn,744,32752
1138,9/25/2023,9/18/2023,C,Tandi,986,24743
1139,3/12/2024,8/20/2023,P,Yance,369,32521
1140,8/22/2023,9/15/2023,R,Dania,474,19330
1141,6/13/2023,1/14/2024,P,Tera,525,15605
1142,2/20/2024,10/10/2023,C,Robinetta,823,22414
1143,1/6/2024,11/18/2023,E,Sherrie,80,6504
1144,10/21/2023,5/13/2023,E,Carie,985,17361
1145,2/26/2024,8/13/2023,E,Priscilla,919,25564
1146,7/5/2023,8/12/2023,C,Devin,79,17940
1147,10/2/2023,4/25/2023,C,Zora,136,49411
1148,2/21/2024,1/2/2024,P,Kath,684,34993
1149,4/9/2024,11/23/2023,R,Hamlin,418,44324
1150,7/14/2023,4/20/2023,E,Maddie,282,42690
1151,6/24/2023,3/5/2024,P,Stanleigh,458,35862
1152,5/14/2023,12/13/2023,P,Wilmer,119,21282
1153,10/11/2023,5/7/2023,R,Worden,317,16412
1154,5/19/2023,11/6/2023,E,Flore,381,47584
1155,2/5/2024,6/29/2023,C,Brenden,387,6473
1156,9/30/2023,10/15/2023,E,Odelia,218,30216
1157,6/4/2023,2/21/2024,R,Niven,598,33087
1158,8/18/2023,5/11/2023,C,Laryssa,140,40174
1159,12/6/2023,6/26/2023,P,Norene,948,35148
1160,11/5/2023,1/1/2024,P,Kaleena,710,801
1161,2/22/2024,4/20/2023,P,Filip,692,36378
1162,12/9/2023,8/18/2023,C,Koral,362,31334
1163,5/28/2023,11/16/2023,E,Miles,680,3504
1164,2/1/2024,1/19/2024,R,Shannah,551,9995
1165,11/16/2023,2/24/2024,C,Persis,483,5882
1166,5/12/2023,12/9/2023,R,Barde,74,43844
1167,12/18/2023,9/27/2023,R,Willetta,211,44756
1168,10/29/2023,5/2/2023,E,Patricia,318,13844
1169,9/6/2023,1/17/2024,C,Cassy,192,40329
1170,8/20/2023,8/31/2023,E,Blair,924,8724
1171,4/16/2023,11/5/2023,R,Audrie,508,12964
1172,6/21/2023,3/7/2024,P,Bride,147,36729
1173,12/20/2023,11/25/2023,E,Minda,363,42999
1174,7/7/2023,8/25/2023,P,Faith,489,32708
1175,8/22/2023,2/3/2024,C,Milton,902,4362
1176,9/23/2023,10/28/2023,P,Derk,532,1546
1177,12/23/2023,3/6/2024,R,Gale,592,28172
1178,8/6/2023,8/1/2023,C,Elisa,645,46685
1179,9/8/2023,8/23/2023,P,Natassia,300,19233
1180,11/10/2023,4/7/2024,P,Doria,47,17457
1181,5/14/2023,12/12/2023,E,Timmie,561,33345
1182,7/1/2023,8/20/2023,P,Lemar,281,25051
1183,9/23/2023,11/8/2023,R,Essa,548,3355
1184,1/16/2024,5/9/2023,C,Arty,434,3805
1185,6/30/2023,1/4/2024,C,Torrie,879,1169
1186,1/8/2024,3/9/2024,C,Minta,274,18739
1187,6/27/2023,11/28/2023,E,Jozef,559,11216
1188,9/4/2023,4/20/2023,P,Homere,811,33049
1189,6/9/2023,2/18/2024,P,Naoma,251,11211
1190,3/8/2024,3/7/2024,P,Ronnie,452,27613
1191,5/5/2023,7/29/2023,P,June,350,46121
1192,3/20/2024,7/9/2023,R,Ramona,275,49720
1193,10/29/2023,4/9/2024,E,Rees,9,28911
1194,12/6/2023,5/19/2023,C,Sandy,982,28258
1195,2/28/2024,1/12/2024,R,Alejandra,747,42148
1196,5/12/2023,10/25/2023,E,Sinclair,461,33985
1197,12/20/2023,10/22/2023,C,Sigmund,449,30040
1198,6/4/2023,11/25/2023,R,Land,183,9084
1199,11/30/2023,9/2/2023,E,Lonee,425,2740
1200,4/21/2023,2/27/2024,R,Leonerd,451,33613
1201,9/21/2023,8/1/2023,P,Laverna,149,600
1202,4/26/2023,5/12/2023,C,Antons,15,9191
1203,11/17/2023,11/4/2023,R,Shelia,722,32653
1204,2/23/2024,3/27/2024,P,Caddric,98,31812
1205,4/22/2023,6/25/2023,C,Jacob,920,45295
1206,11/17/2023,12/13/2023,P,Editha,938,25576
1207,9/21/2023,10/26/2023,E,Gilda,263,27202
1208,11/3/2023,11/9/2023,E,Ivor,346,24086
1209,11/13/2023,4/10/2024,E,Brander,778,18996
1210,11/1/2023,7/5/2023,P,April,479,34674
1211,4/20/2023,2/19/2024,P,Jordanna,240,37583
1212,10/20/2023,12/8/2023,E,Hodge,77,34620
1213,6/7/2023,9/4/2023,R,Dunc,578,5927
1214,9/5/2023,12/6/2023,R,Malcolm,642,38344
1215,5/25/2023,10/7/2023,P,Dee dee,209,11987
1216,3/30/2024,12/30/2023,R,Petronia,439,38128
1217,12/6/2023,2/19/2024,P,Randi,756,22143
1218,1/2/2024,12/24/2023,R,Samson,360,8144
1219,7/9/2023,3/1/2024,R,Donelle,937,33355
1220,6/18/2023,3/17/2024,C,Marv,751,10768
1221,8/13/2023,7/3/2023,C,Cam,929,18741
1222,10/20/2023,6/3/2023,C,Robinia,911,586
1223,7/9/2023,6/24/2023,R,Alexandre,860,4294
1224,2/2/2024,11/12/2023,C,Gerrie,762,29002
1225,4/19/2023,3/28/2024,C,Bernardina,774,3703
1226,12/9/2023,6/14/2023,R,Robin,50,44933
1227,6/29/2023,4/6/2024,P,Tucky,174,46385
1228,10/5/2023,8/25/2023,C,Callida,370,29846
1229,12/10/2023,11/3/2023,E,Daryl,562,41686
1230,12/9/2023,10/3/2023,E,Joelly,990,39267
1231,8/11/2023,5/11/2023,R,Jessee,319,35550
1232,2/11/2024,6/8/2023,C,Beatrice,23,8664
1233,2/6/2024,10/1/2023,C,Octavia,252,13083
1234,11/21/2023,5/9/2023,C,Kain,6,896
1235,3/18/2024,7/10/2023,P,Lucien,849,41975
1236,8/7/2023,5/31/2023,E,Leshia,438,26142
1237,2/10/2024,8/18/2023,R,Karly,625,48662
1238,6/29/2023,10/27/2023,R,Umberto,248,27718
1239,6/29/2023,11/20/2023,E,Othelia,435,26773
1240,6/7/2023,10/31/2023,P,Poul,912,42266
1241,9/26/2023,12/17/2023,P,Chester,589,18153
1242,5/7/2023,1/22/2024,R,Foss,653,26022
1243,10/31/2023,2/10/2024,C,Odell,299,1098
1244,7/24/2023,2/11/2024,C,Nigel,228,36431
1245,7/5/2023,10/16/2023,P,Vere,230,22161
1246,9/21/2023,11/30/2023,C,Ringo,841,17443
1247,6/5/2023,11/1/2023,R,Kimball,485,9964
1248,9/4/2023,1/23/2024,E,Astra,719,49416
1249,7/22/2023,1/3/2024,C,Pennie,773,10527
1250,11/29/2023,6/24/2023,P,Heda,788,31530
1251,1/15/2024,8/5/2023,R,Lynelle,210,14167
1252,4/17/2023,5/26/2023,R,Sloane,767,48468
1253,5/13/2023,4/29/2023,E,Jolene,531,48336
1254,5/25/2023,11/30/2023,R,Kile,806,38684
1255,5/12/2023,7/17/2023,R,Scarface,609,21826
1256,10/27/2023,1/10/2024,C,Gretal,44,7178
1257,8/6/2023,1/30/2024,R,Huberto,407,45623
1258,4/2/2024,1/11/2024,C,Noby,567,48802
1259,2/29/2024,2/16/2024,R,Sibyl,510,18295
1260,1/13/2024,10/25/2023,C,Shurlock,827,10119
1261,4/18/2023,12/9/2023,E,Ole,389,45319
1262,12/3/2023,8/4/2023,E,Waldon,373,43659
1263,9/29/2023,7/29/2023,C,Eloisa,968,44474
1264,4/16/2023,9/3/2023,E,Kendrick,260,37408
1265,10/4/2023,9/30/2023,C,Sheila-kathryn,996,28548
1266,11/28/2023,5/17/2023,R,Clarance,311,48027
1267,6/15/2023,10/12/2023,E,Ciro,191,25456
1268,10/5/2023,4/28/2023,E,Thacher,843,46964
1269,10/6/2023,5/26/2023,E,Saba,34,22435
1270,5/28/2023,3/2/2024,E,Martainn,60,31510
1271,4/28/2023,6/3/2023,E,Roxanna,91,27368
1272,3/13/2024,7/12/2023,R,Bernie,143,33956
1273,5/26/2023,8/15/2023,P,Goldia,766,29597
1274,7/23/2023,9/13/2023,C,Emlynn,847,14589
1275,2/11/2024,6/13/2023,E,Perrine,436,8672
1276,1/22/2024,9/25/2023,R,Gail,890,26234
1277,12/18/2023,6/25/2023,R,Elisabetta,409,14784
1278,3/11/2024,8/15/2023,E,Heddie,790,13699
1279,3/22/2024,3/25/2024,R,Kyla,487,12026
1280,10/13/2023,4/4/2024,C,Freddie,818,13395
1281,5/25/2023,10/15/2023,R,Amberly,779,41060
1282,4/11/2024,4/23/2023,P,Lek,945,7788
1283,8/19/2023,2/7/2024,C,Pavlov,465,4247
1284,9/8/2023,6/4/2023,E,Micah,324,27037
1285,12/13/2023,6/7/2023,C,Dorthea,146,41094
1286,5/11/2023,8/5/2023,E,Faye,726,45195
1287,10/31/2023,3/7/2024,P,Heloise,171,22483
1288,1/8/2024,1/23/2024,P,Alan,826,36924
1289,1/25/2024,5/31/2023,P,Ginger,650,43893
1290,11/10/2023,8/6/2023,P,Dene,270,48600
1291,8/30/2023,12/18/2023,P,Jaquenetta,444,45750
1292,12/15/2023,6/8/2023,E,Israel,223,13361
1293,12/19/2023,8/31/2023,E,Candra,512,12276
1294,9/2/2023,2/20/2024,C,Eberto,403,26179
1295,9/9/2023,10/31/2023,P,Waylen,463,29798
1296,1/29/2024,4/6/2024,E,Amber,529,49335
1297,2/21/2024,3/28/2024,P,Robby,400,39307
1298,5/2/2023,9/4/2023,R,Colby,397,42079
1299,9/24/2023,11/30/2023,R,Shirlene,38,24890
1300,5/18/2023,7/18/2023,P,Luca,590,10654
1301,4/2/2024,3/29/2024,C,Jillene,983,43798
1302,8/13/2023,12/15/2023,R,Aluino,585,13815
1303,1/25/2024,3/13/2024,C,Dale,72,10477
1304,3/23/2024,11/9/2023,P,Cammi,393,6433
1305,6/22/2023,10/31/2023,E,Hodge,231,21469
1306,4/22/2023,7/24/2023,C,Daniela,815,24624
1307,2/6/2024,2/10/2024,C,Tamera,960,49106
1308,9/28/2023,3/19/2024,R,Coraline,16,45671
1309,3/28/2024,4/26/2023,R,Ede,165,23837
1310,5/13/2023,10/11/2023,P,Wallis,104,25845
1311,10/23/2023,5/22/2023,C,Gabi,579,12809
1312,11/6/2023,8/4/2023,R,Mahmud,867,26763
1313,6/16/2023,3/28/2024,C,Sheppard,883,8213
1314,2/3/2024,7/16/2023,E,Marita,195,17024
1315,5/25/2023,4/14/2024,E,Garth,76,10682
1316,2/24/2024,6/14/2023,R,Alick,265,27657
1317,7/13/2023,7/25/2023,E,Martita,613,39171
1318,11/20/2023,1/19/2024,P,Alanna,100,9117
1319,4/26/2023,2/25/2024,P,Loy,856,44547
1320,2/5/2024,9/13/2023,E,Elias,154,25556
1321,8/22/2023,8/17/2023,C,Onfroi,493,14823
1322,2/16/2024,7/1/2023,P,Tadd,713,10553
1323,8/31/2023,5/12/2023,P,Em,916,34375
1324,10/31/2023,10/29/2023,R,Oona,802,44878
1325,12/26/2023,10/1/2023,E,Prent,96,4393
1326,5/3/2023,7/1/2023,P,Liz,396,40486
1327,10/27/2023,7/26/2023,E,Kort,200,38441
1328,12/29/2023,12/27/2023,E,Cori,643,44839
1329,3/18/2024,9/28/2023,P,Ignacio,390,46769
1330,8/5/2023,9/22/2023,C,Coralie,429,13458
1331,4/4/2024,4/20/2023,P,Tiler,315,15441
1332,8/7/2023,2/4/2024,C,Wally,402,42616
1333,1/9/2024,9/6/2023,P,Cecilio,736,12645
1334,1/9/2024,4/22/2023,E,Michel,365,47170
1335,5/20/2023,5/19/2023,E,Dre,660,31647
1336,5/22/2023,8/13/2023,C,Hedda,521,26167
1337,8/11/2023,1/15/2024,C,Nolana,519,18798
1338,5/27/2023,12/30/2023,E,Obadias,329,41034
1339,7/13/2023,12/23/2023,C,Elysha,737,42428
1340,1/19/2024,6/1/2023,P,Zak,288,35558
1341,7/27/2023,12/18/2023,P,Gaylor,601,48680
1342,6/8/2023,9/19/2023,C,Darleen,992,29255
1343,4/23/2023,7/9/2023,P,Bartlet,787,11805
1344,9/13/2023,8/15/2023,R,Pansie,672,6593
1345,9/10/2023,5/25/2023,E,Baron,691,23802
1346,4/9/2024,4/14/2024,C,Tess,342,38693
1347,2/10/2024,8/1/2023,P,Alexandre,95,39816
1348,12/10/2023,3/20/2024,P,Bret,962,36219
1349,2/18/2024,12/26/2023,P,Edy,604,42023
1350,12/26/2023,6/18/2023,E,Lothaire,900,1946
1351,4/26/2023,3/22/2024,R,Marijo,558,9700
1352,1/14/2024,5/8/2023,E,Belva,144,27012
1353,11/24/2023,11/19/2023,C,Clare,206,9121
1354,3/28/2024,8/19/2023,R,Edgardo,424,15333
1355,6/15/2023,9/17/2023,R,Hillier,290,17785
1356,9/18/2023,7/10/2023,R,Abigail,213,2488
1357,1/11/2024,3/7/2024,E,Collete,742,3848
1358,5/30/2023,10/23/2023,R,Elka,872,11154
1359,1/9/2024,5/13/2023,E,Rosa,836,31246
1360,11/2/2023,8/8/2023,R,Allie,556,48249
1361,6/4/2023,6/17/2023,R,Cornelle,754,18332
1362,12/19/2023,4/2/2024,E,Graham,139,37501
1363,12/27/2023,1/10/2024,E,Vivian,807,32161
1364,3/31/2024,11/14/2023,R,Alwyn,427,18049
1365,5/10/2023,9/3/2023,C,Meyer,302,35101
1366,9/27/2023,5/12/2023,R,Kirk,21,43958
1367,11/24/2023,7/10/2023,C,Esteban,378,19978
1368,2/22/2024,11/6/2023,C,Alyss,707,26910
1369,3/24/2024,8/6/2023,E,Jedidiah,246,29391
1370,7/25/2023,5/7/2023,C,Norah,271,33081
1371,12/23/2023,5/24/2023,P,Jenda,905,27060
1372,2/13/2024,6/21/2023,P,Ronnie,988,42794
1373,5/5/2023,7/5/2023,E,Jewelle,59,11719
1374,10/1/2023,3/25/2024,C,Chrysa,405,5222
1375,2/13/2024,6/2/2023,C,Martynne,256,34102
1376,3/3/2024,3/29/2024,C,Camey,336,9548
1377,2/14/2024,9/24/2023,C,Tedie,629,45516
1378,5/18/2023,2/1/2024,P,Gabrila,476,39028
1379,10/16/2023,8/12/2023,P,Martie,605,34600
1380,9/21/2023,8/27/2023,C,Seumas,505,5308
1381,7/25/2023,10/2/2023,E,Gerda,560,31894
1382,7/6/2023,5/16/2023,R,Stevie,404,39585
1383,8/28/2023,10/31/2023,E,Maud,26,36805
1384,5/3/2023,1/12/2024,P,Klaus,750,14528
1385,10/25/2023,11/8/2023,R,Chevalier,961,15481
1386,2/25/2024,5/25/2023,R,Tina,384,9992
1387,1/31/2024,2/18/2024,C,Elvira,895,43856
1388,10/9/2023,7/20/2023,C,Rhea,305,16153
1389,4/27/2023,7/30/2023,C,Bank,808,40986
1390,2/3/2024,4/14/2023,C,Tye,845,14181
1391,12/9/2023,10/25/2023,C,Consuelo,155,18269
1392,12/1/2023,1/3/2024,C,Foster,739,21334
1393,7/9/2023,7/11/2023,E,Ann-marie,595,38831
1394,2/10/2024,9/25/2023,E,Dyanna,536,34757
1395,5/24/2023,12/12/2023,R,Francesco,401,28368
1396,2/11/2024,1/7/2024,E,Willard,903,31424
1397,4/28/2023,6/9/2023,E,Cyndie,75,4204
1398,7/22/2023,9/11/2023,R,Siana,2,424
1399,4/14/2023,11/4/2023,P,Oralla,785,4546
1400,12/17/2023,8/8/2023,E,Prent,96,10180
1401,6/19/2023,11/17/2023,C,Gerri,244,33817
1402,7/26/2023,12/9/2023,E,Dido,541,33511
1403,1/3/2024,7/23/2023,P,Amalee,212,1168
1404,10/8/2023,7/20/2023,R,Wallache,467,36022
1405,10/4/2023,11/28/2023,E,Jared,42,30141
1406,8/4/2023,12/3/2023,C,Dorena,3,20919
1407,2/10/2024,2/24/2024,P,Koral,362,44004
1408,6/26/2023,10/17/2023,R,Benoit,695,1226
1409,3/3/2024,6/22/2023,P,Gram,631,40767
1410,1/31/2024,5/7/2023,R,Emmalynn,997,10600
1411,1/16/2024,4/14/2023,C,Torrie,879,16547
1412,12/13/2023,2/19/2024,E,Ronnie,452,36433
1413,7/12/2023,2/28/2024,R,Taddeusz,51,19561
1414,3/25/2024,4/27/2023,E,Rodrigo,794,42742
1415,12/11/2023,11/12/2023,E,Genevra,580,19887
1416,5/25/2023,4/5/2024,E,Tabbitha,520,10307
1417,3/20/2024,10/25/2023,C,Vina,204,34828
1418,12/30/2023,2/15/2024,E,Alexandre,860,18384
1419,6/21/2023,7/13/2023,E,Germaine,343,23680
1420,12/16/2023,4/24/2023,R,Teddy,426,26504
1421,10/27/2023,11/13/2023,P,Bertie,582,16892
1422,4/16/2023,7/23/2023,P,Dunn,45,15787
1423,7/16/2023,7/16/2023,R,Corliss,720,22703
1424,12/18/2023,12/30/2023,E,Lesley,683,31512
1425,4/17/2023,6/6/2023,R,Fredericka,279,25969
1426,11/5/2023,11/10/2023,P,Martie,605,43685
1427,9/6/2023,6/13/2023,R,Sissy,810,1688
1428,8/5/2023,3/15/2024,C,Sunny,295,24454
1429,7/4/2023,5/9/2023,R,Minda,363,30548
1430,6/19/2023,12/13/2023,E,Huberto,407,1750
1431,8/4/2023,6/28/2023,C,Lusa,976,46365
1432,2/13/2024,2/11/2024,P,Laurent,131,48688
1433,9/10/2023,7/18/2023,P,Ennis,534,7035
1434,10/26/2023,12/29/2023,P,Quinton,502,26422
1435,11/12/2023,7/3/2023,R,Kip,262,39265
1436,5/27/2023,7/3/2023,P,Brietta,676,30860
1437,10/15/2023,5/3/2023,R,Rees,9,38949
1438,2/1/2024,10/17/2023,R,Jacques,166,41179
1439,8/31/2023,3/7/2024,E,Ardyce,58,44476
1440,6/3/2023,10/18/2023,E,Waylen,821,24930
1441,4/19/2023,6/18/2023,P,Alisun,19,20597
1442,11/29/2023,2/15/2024,R,Chauncey,753,19077
1443,7/31/2023,7/2/2023,C,Carita,39,27713
1444,11/4/2023,8/28/2023,C,Emmalyn,731,29121
1445,12/17/2023,10/25/2023,R,Kimmi,721,22566
1446,9/17/2023,3/6/2024,E,Flore,381,3608
1447,6/4/2023,1/15/2024,R,Romonda,184,5178
1448,9/7/2023,12/28/2023,P,Marlin,90,48789
1449,12/8/2023,9/2/2023,R,Pansie,672,46551
1450,12/21/2023,6/29/2023,E,Dietrich,115,8840
1451,3/12/2024,1/16/2024,C,Bary,652,43570
1452,2/27/2024,6/9/2023,C,Gusella,665,42151
1453,4/8/2024,7/20/2023,E,Garvin,588,43936
1454,3/11/2024,2/12/2024,E,Roxie,803,3270
1455,2/14/2024,9/21/2023,E,Tandi,986,23996
1456,9/22/2023,6/8/2023,P,Kendrick,260,14078
1457,7/25/2023,9/19/2023,E,Tommi,97,49481
1458,12/6/2023,5/27/2023,C,Natassia,300,28302
1459,12/6/2023,11/21/2023,P,Ingmar,891,1105
1460,8/24/2023,7/13/2023,P,Ysabel,615,31384
1461,12/21/2023,9/19/2023,E,Phaidra,732,29563
1462,3/4/2024,10/26/2023,R,Wesley,53,38525
1463,10/7/2023,12/17/2023,R,Francoise,991,32729
1464,1/13/2024,4/29/2023,E,Iain,819,1945
1465,10/7/2023,3/15/2024,P,Francene,704,28877
1466,10/5/2023,3/21/2024,E,Sinclair,461,25434
1467,11/6/2023,1/7/2024,P,Ax,35,2763
1468,11/19/2023,10/3/2023,C,Zaneta,797,36219
1469,9/29/2023,10/9/2023,P,Linn,130,20133
1470,11/17/2023,12/6/2023,E,Ethelyn,744,25086
1471,7/7/2023,2/28/2024,P,Maressa,382,25568
1472,10/3/2023,1/10/2024,C,Dania,474,4763
1473,12/2/2023,1/23/2024,P,Lucien,849,6430
1474,4/29/2023,4/28/2023,R,Dallas,197,20208
1475,8/8/2023,5/9/2023,C,Consuelo,155,38080
1476,7/14/2023,1/17/2024,C,Cammi,393,40167
1477,4/16/2023,3/9/2024,C,Mace,538,49670
1478,10/2/2023,12/11/2023,P,Elsbeth,341,46752
1479,3/3/2024,2/19/2024,C,Cullan,339,24418
1480,3/30/2024,11/17/2023,C,Garrick,627,1767
1481,1/10/2024,9/11/2023,R,Hodge,77,41492
1482,4/6/2024,8/11/2023,C,Jodee,215,48144
1483,7/20/2023,12/24/2023,C,Scarface,609,9638
1484,8/24/2023,7/29/2023,E,Gualterio,647,5903
1485,7/13/2023,7/20/2023,E,Trev,593,33627
1486,2/11/2024,10/24/2023,R,Terrance,509,7583
1487,9/21/2023,6/27/2023,C,Aloysia,535,5127
1488,10/31/2023,11/10/2023,R,Waldon,373,27892
1489,4/6/2024,9/2/2023,R,Brenden,387,26662
1490,6/26/2023,1/13/2024,R,Viva,550,4374
1491,8/6/2023,9/5/2023,R,Lynn,367,48684
1492,12/7/2023,6/26/2023,E,Giffy,464,28530
1493,2/25/2024,10/3/2023,R,Jenica,73,2213
1494,2/16/2024,3/23/2024,P,Normy,169,43637
1495,6/29/2023,5/9/2023,E,Idalina,20,17388
1496,6/25/2023,9/23/2023,C,Roxanna,91,22784
1497,5/14/2023,8/14/2023,R,Oswald,898,34470
1498,12/2/2023,10/22/2023,E,Joaquin,752,38683
1499,6/11/2023,10/14/2023,C,Andromache,37,33085
1500,2/15/2024,6/15/2023,R,Issi,661,716
1501,10/4/2023,2/5/2024,P,Shurlock,827,22038
1502,4/22/2023,3/20/2024,P,Caitrin,273,27752
1503,12/4/2023,4/4/2024,R,Baron,691,41025
1504,1/31/2024,6/4/2023,R,Garrett,978,3400
1505,2/11/2024,11/10/2023,C,Dorthea,146,4120
1506,10/16/2023,6/24/2023,R,Elnora,888,41315
1507,10/8/2023,12/17/2023,R,Bili,679,41648
1508,3/17/2024,11/1/2023,E,Jedidiah,246,17045
1509,2/10/2024,9/29/2023,C,Wiatt,388,43610
1510,10/14/2023,12/11/2023,P,Roobbie,718,11465
1511,8/7/2023,1/14/2024,P,Karel,927,34278
1512,7/1/2023,2/23/2024,R,Kaleena,710,1666
1513,11/25/2023,5/12/2023,P,Mireille,998,27552
1514,8/5/2023,11/19/2023,C,Ginger,650,34097
1515,4/2/2024,3/25/2024,R,Jeno,412,15046
1516,9/7/2023,3/20/2024,P,Ann-marie,595,14844
1517,7/12/2023,8/29/2023,R,Perrine,436,17148
1518,6/29/2023,5/26/2023,R,Jozef,559,34604
1519,11/30/2023,8/8/2023,E,Harmonie,217,36748
1520,9/2/2023,7/30/2023,P,Tye,845,4078
1521,8/14/2023,1/28/2024,E,Robin,50,30905
1522,5/1/2023,12/22/2023,P,Rochell,239,39772
1523,6/21/2023,5/19/2023,C,Editha,938,17973
1524,5/19/2023,12/19/2023,E,Belva,144,34611
1525,5/19/2023,8/19/2023,E,Georgianne,873,26653
1526,5/13/2023,5/1/2023,R,Eberto,403,25612
1527,12/29/2023,3/2/2024,C,Niven,598,30010
1528,8/26/2023,3/21/2024,C,Bay,571,21268
1529,3/4/2024,5/23/2023,P,Cornelle,754,36673
1530,4/18/2023,12/4/2023,R,Terese,649,27250
1531,12/1/2023,6/2/2023,C,Vidovic,865,21584
1532,12/17/2023,12/27/2023,P,Cherilynn,944,29891
1533,7/13/2023,6/2/2023,C,Jan,957,21322
1534,12/14/2023,5/26/2023,E,Laryssa,140,23260
1535,2/21/2024,11/9/2023,P,Portie,709,31874
1536,5/4/2023,2/25/2024,C,Jacklin,859,30798
1537,6/28/2023,5/6/2023,C,Sly,415,44441
1538,5/19/2023,12/29/2023,C,Sigfried,606,27512
1539,2/21/2024,12/29/2023,E,Paul,526,41329
1540,2/5/2024,3/8/2024,P,Pepi,492,36226
1541,12/16/2023,7/11/2023,P,Sinclair,466,25623
1542,11/4/2023,12/21/2023,C,Tressa,893,43705
1543,5/31/2023,4/9/2024,R,Abra,574,45308
1544,2/16/2024,8/28/2023,E,Raul,419,13611
1545,1/17/2024,5/28/2023,R,Em,916,18157
1546,9/22/2023,9/16/2023,C,Bernie,143,28586
1547,1/9/2024,8/21/2023,P,Samuele,289,26023
1548,12/31/2023,10/22/2023,R,Thain,688,44362
1549,8/16/2023,5/2/2023,E,Marsiella,630,8546
1550,4/30/2023,8/13/2023,P,Hieronymus,689,739
1551,3/12/2024,8/23/2023,E,Sherrie,80,26775
1552,8/10/2023,1/2/2024,E,Roddie,498,48392
1553,2/6/2024,1/30/2024,C,Gonzales,201,352
1554,9/3/2023,8/25/2023,R,Gene,361,46410
1555,10/19/2023,11/29/2023,C,Mara,547,7369
1556,5/19/2023,12/5/2023,E,Tamera,960,7432
1557,6/9/2023,4/1/2024,R,Albert,43,14916
1558,5/2/2023,11/8/2023,E,Pamela,383,40500
1559,9/8/2023,9/28/2023,E,Gaylor,601,38576
1560,12/11/2023,2/10/2024,C,Siobhan,700,2452
1561,1/9/2024,3/22/2024,E,Milton,902,20610
1562,8/2/2023,1/24/2024,E,Sue,338,37432
1563,6/22/2023,9/1/2023,E,Cymbre,287,31609
1564,8/16/2023,12/4/2023,C,Arty,434,45308
1565,10/24/2023,6/8/2023,P,Jedidiah,795,49859
1566,3/30/2024,3/29/2024,R,Zebulen,450,41554
1567,10/26/2023,7/24/2023,R,Cassie,22,41822
1568,5/31/2023,1/28/2024,P,Levy,915,9402
1569,2/1/2024,1/9/2024,E,Moselle,17,6547
1570,3/26/2024,6/2/2023,P,Vere,230,45078
1571,7/9/2023,2/13/2024,E,Gerda,560,26727
1572,1/12/2024,10/28/2023,E,Dee dee,209,25338
1573,3/20/2024,9/1/2023,R,Gill,651,9714
1574,3/29/2024,11/26/2023,C,Noelle,908,25794
1575,8/15/2023,11/16/2023,P,Arielle,591,26508
1576,9/10/2023,6/11/2023,R,Juliann,626,574
1577,1/30/2024,5/28/2023,P,Butch,969,15388
1578,10/19/2023,11/3/2023,P,Corabella,416,8147
1579,12/11/2023,11/18/2023,C,Bondie,975,37353
1580,6/12/2023,10/29/2023,P,Nancy,617,31222
1581,10/1/2023,6/10/2023,P,Gerrie,762,40185
1582,11/9/2023,12/28/2023,E,Jenda,905,24892
1583,6/2/2023,5/31/2023,R,Horatius,167,226
1584,8/29/2023,2/15/2024,P,Leon,207,22811
1585,2/3/2024,10/5/2023,C,Faye,726,17035
1586,11/22/2023,10/5/2023,P,Shelley,172,45921
1587,5/12/2023,6/23/2023,P,Alec,490,5299
1588,10/23/2023,1/16/2024,E,Giordano,527,42598
1589,12/28/2023,4/28/2023,C,Land,183,5077
1590,2/4/2024,12/5/2023,C,Sandy,982,31387
1591,5/17/2023,11/27/2023,P,Megen,614,27368
1592,6/10/2023,8/28/2023,C,Dorthea,71,2573
1593,5/14/2023,6/10/2023,P,Idaline,29,2098
1594,1/24/2024,7/28/2023,C,Poul,912,9568
1595,4/18/2023,6/27/2023,R,Marrissa,31,47574
1596,12/19/2023,7/13/2023,P,Robinia,911,38301
1597,9/25/2023,4/16/2023,R,Erhard,853,12090
1598,6/28/2023,6/15/2023,C,Amber,529,45097
1599,3/24/2024,2/26/2024,C,Geri,503,30762
1600,1/19/2024,12/3/2023,R,Daune,799,2420
1601,6/1/2023,6/30/2023,C,Loree,478,33011
1602,6/2/2023,7/22/2023,C,Linell,129,21163
1603,4/12/2024,7/17/2023,P,Karlyn,135,8509
1604,12/3/2023,3/13/2024,R,Flss,667,35652
1605,3/25/2024,7/11/2023,C,Creigh,965,25504
1606,1/13/2024,9/6/2023,P,Edgardo,424,8674
1607,4/14/2023,8/24/2023,P,Vita,468,40632
1608,9/21/2023,6/13/2023,C,Collete,742,36039
1609,7/11/2023,7/7/2023,P,Isaac,13,49567
1610,3/21/2024,12/30/2023,R,Garvey,446,6367
1611,10/17/2023,9/26/2023,R,Fionnula,875,38467
1612,9/13/2023,9/24/2023,C,Darelle,291,40720
1613,2/20/2024,12/30/2023,R,Vlad,851,32430
1614,3/14/2024,6/13/2023,R,Henri,668,37643
1615,5/29/2023,2/10/2024,R,Heddie,790,1503
1616,9/9/2023,1/23/2024,C,Arabella,283,17685
1617,5/24/2023,8/18/2023,C,Charil,874,12441
1618,9/5/2023,9/14/2023,P,Umberto,248,2562
1619,2/11/2024,4/15/2023,E,Rinaldo,325,46450
1620,3/11/2024,6/17/2023,R,Faunie,328,49577
1621,5/22/2023,2/8/2024,P,Putnem,699,17249
1622,5/7/2023,2/17/2024,P,Giustina,624,35088
1623,11/6/2023,7/15/2023,R,Ceciley,868,24348
1624,10/7/2023,1/6/2024,P,Pammy,125,46924
1625,7/31/2023,9/27/2023,P,Ab,712,18474
1626,9/27/2023,11/27/2023,P,Chev,586,13046
1627,1/29/2024,3/26/2024,R,Heloise,171,43779
1628,4/21/2023,8/25/2023,E,Jeth,457,18740
1629,8/16/2023,3/15/2024,C,Giacomo,94,3639
1630,9/23/2023,8/25/2023,E,Nichol,145,3181
1631,6/17/2023,7/1/2023,P,Nicol,791,26280
1632,5/3/2023,10/21/2023,R,Vittorio,663,16458
1633,9/26/2023,4/3/2024,C,Micheil,249,3608
1634,11/23/2023,11/10/2023,P,Benedetto,809,39345
1635,6/12/2023,4/14/2023,P,Ediva,108,8589
1636,2/26/2024,11/25/2023,E,Eula,553,14676
1637,12/30/2023,3/12/2024,R,Selene,220,3424
1638,3/5/2024,4/15/2023,P,Naoma,251,7574
1639,11/7/2023,7/13/2023,E,Norrie,901,29591
1640,3/10/2024,6/5/2023,P,Astra,719,10985
1641,2/1/2024,7/19/2023,R,Ignacio,390,6382
1642,4/21/2023,2/5/2024,E,Berny,575,49756
1643,10/23/2023,1/29/2024,C,Carroll,237,48688
1644,11/20/2023,5/20/2023,P,Brier,141,17931
1645,7/7/2023,5/25/2023,C,Martainn,60,44935
1646,12/21/2023,6/23/2023,R,Early,86,26815
1647,7/14/2023,2/20/2024,R,Saba,34,7552
1648,2/14/2024,8/18/2023,R,Viv,864,11229
1649,1/7/2024,8/3/2023,C,Stephi,114,32051
1650,2/6/2024,5/26/2023,P,Hali,163,18716
1651,8/10/2023,8/31/2023,R,Lyon,863,39663
1652,11/9/2023,10/28/2023,R,Kain,6,33941
1653,9/25/2023,12/20/2023,C,Estrella,848,30539
1654,6/14/2023,3/12/2024,P,Raeann,477,36638
1655,5/11/2023,12/28/2023,E,Danyette,763,49985
1656,2/16/2024,7/28/2023,P,Marje,205,19604
1657,5/6/2023,5/5/2023,P,Bride,147,12528
1658,9/21/2023,2/3/2024,C,Corena,733,33321
1659,8/12/2023,11/18/2023,R,Gabrila,476,34608
1660,12/22/2023,1/2/2024,E,Christoffer,52,1327
1661,6/23/2023,8/8/2023,C,Barry,99,28220
1662,7/15/2023,8/20/2023,C,Brande,394,39201
1663,8/10/2023,8/23/2023,R,Tamarah,820,36770
1664,6/23/2023,5/5/2023,P,Annmarie,189,49202
1665,5/16/2023,7/30/2023,E,Simmonds,156,32420
1666,3/16/2024,7/23/2023,C,Jonah,715,20588
1667,12/22/2023,11/12/2023,C,Hugo,840,25551
1668,12/27/2023,2/14/2024,E,Guthry,193,41168
1669,12/17/2023,10/25/2023,E,Morey,638,12007
1670,6/14/2023,7/21/2023,R,Andriana,596,29141
1671,10/29/2023,6/4/2023,E,Bord,14,35037
1672,4/8/2024,2/7/2024,P,Cyndi,671,20388
1673,5/10/2023,4/22/2023,R,Graham,139,33010
1674,4/6/2024,3/5/2024,C,Claudell,459,22067
1675,5/31/2023,4/5/2024,R,Garth,76,10367
1676,9/3/2023,4/26/2023,E,Caddric,98,49102
1677,1/2/2024,11/7/2023,E,Vivian,807,31421
1678,3/29/2024,4/4/2024,P,Filip,692,10435
1679,11/27/2023,9/27/2023,R,Tadeo,185,3559
1680,3/16/2024,5/12/2023,R,Isadora,440,33005
1681,9/14/2023,6/11/2023,C,Christel,335,11182
1682,6/13/2023,9/6/2023,E,Camey,336,44142
1683,12/28/2023,8/13/2023,E,Jaquenetta,444,26147
1684,5/7/2023,7/23/2023,E,Kingsly,714,15119
1685,12/23/2023,6/21/2023,E,Cecilio,736,13004
1686,1/26/2024,11/6/2023,C,Law,151,24598
1687,5/27/2023,5/2/2023,R,Ciro,191,1080
1688,10/13/2023,6/19/2023,C,Cassy,192,8366
1689,3/31/2024,5/31/2023,E,Tanner,981,42630
1690,5/17/2023,11/14/2023,C,Filip,659,46448
1691,4/9/2024,8/10/2023,R,Maddie,566,37558
1692,2/22/2024,1/28/2024,R,Rhiamon,267,38906
1693,2/29/2024,12/11/2023,P,Wallie,406,41888
1694,1/1/2024,8/16/2023,E,Stanleigh,458,10584
1695,5/23/2023,10/19/2023,P,Rowen,542,47983
1696,8/27/2023,6/27/2023,E,Carlie,934,42911
1697,11/11/2023,5/22/2023,E,Edd,386,45554
1698,3/6/2024,6/30/2023,R,Jeddy,782,11302
1699,5/19/2023,8/13/2023,C,Brianna,316,32081
1700,11/13/2023,7/1/2023,R,Tawnya,158,17848
1701,3/15/2024,9/14/2023,C,Hebert,495,14707
1702,3/15/2024,2/22/2024,E,Aubry,943,39457
1703,2/1/2024,10/28/2023,E,Leroi,740,9225
1704,11/15/2023,10/12/2023,C,Tina,384,38534
1705,7/14/2023,12/21/2023,P,Shelia,722,32710
1706,1/12/2024,8/6/2023,E,Willard,903,15212
1707,7/22/2023,3/6/2024,C,Kelby,214,34254
1708,5/30/2023,12/19/2023,R,Hubert,708,23869
1709,8/2/2023,1/13/2024,R,Debora,188,30785
1710,7/26/2023,8/9/2023,P,Nolana,519,4934
1711,12/3/2023,10/30/2023,E,Beatrice,23,42203
1712,11/17/2023,12/5/2023,C,Marianna,203,33349
1713,2/27/2024,8/3/2023,P,Farrah,801,17502
1714,8/9/2023,3/26/2024,R,Milicent,857,19918
1715,12/10/2023,2/16/2024,C,Foster,739,20205
1716,6/18/2023,9/5/2023,C,Towny,989,32601
1717,6/26/2023,9/21/2023,P,Alick,265,44347
1718,6/5/2023,4/25/2023,R,Derk,532,4496
1719,5/24/2023,8/5/2023,E,Olia,102,47108
1720,10/19/2023,11/6/2023,P,Gail,890,33200
1721,11/25/2023,8/26/2023,P,Tildie,445,47694
1722,4/20/2023,4/8/2024,E,Janelle,738,8751
1723,1/27/2024,12/24/2023,E,Lizzy,180,45484
1724,7/13/2023,4/8/2024,P,Annnora,1,39099
1725,12/15/2023,5/19/2023,E,Karlene,460,14855
1726,1/30/2024,10/24/2023,C,Traver,844,49159
1727,8/2/2023,3/5/2024,E,Margalo,769,1776
1728,8/4/2023,12/16/2023,P,Selie,501,12690
1729,11/15/2023,11/27/2023,R,Lanie,866,20183
1730,2/29/2024,8/7/2023,R,Sutherland,892,37443
1731,8/21/2023,11/13/2023,C,Bernardina,774,18206
1732,10/22/2023,12/18/2023,P,Elvira,895,6530
1733,9/23/2023,8/17/2023,P,Babette,372,14025
1734,7/14/2023,6/30/2023,R,Oona,802,29111
1735,9/19/2023,1/31/2024,C,Melodee,657,49605
1736,1/22/2024,8/11/2023,R,Dyanna,536,18246
1737,2/8/2024,4/3/2024,E,Sibyl,510,48129
1738,10/14/2023,10/26/2023,P,Norene,948,4317
1739,6/18/2023,2/13/2024,C,Averil,221,26802
1740,8/8/2023,1/9/2024,P,Fredia,320,22333
1741,11/13/2023,10/3/2023,C,Luise,456,42375
1742,7/23/2023,6/28/2023,R,Fairlie,637,36216
1743,10/26/2023,3/29/2024,R,Meyer,302,43705
1744,2/19/2024,8/8/2023,E,Camellia,780,14378
1745,2/11/2024,4/17/2023,R,Lincoln,103,11362
1746,10/9/2023,11/25/2023,E,Lemar,281,6599
1747,5/2/2023,1/31/2024,C,Todd,816,36492
1748,8/31/2023,1/29/2024,P,Elisabeth,757,14284
1749,10/25/2023,1/30/2024,P,Mohammed,758,3374
1750,10/17/2023,9/13/2023,E,Micheal,921,45005
1751,1/7/2024,3/29/2024,P,Lesli,577,43530
1752,9/8/2023,9/13/2023,P,Patton,420,17104
1753,9/23/2023,4/2/2024,P,Lyn,904,34728
1754,2/24/2024,4/29/2023,C,June,350,21703
1755,6/27/2023,6/21/2023,E,Elisabetta,409,7077
1756,3/28/2024,3/24/2024,C,Leann,597,38899
1757,2/25/2024,2/1/2024,P,Alysia,497,39465
1758,1/11/2024,7/9/2023,P,Leshia,438,17525
1759,5/9/2023,3/25/2024,E,Georgia,190,20402
1760,8/5/2023,9/3/2023,R,Wallis,104,16493
1761,10/15/2023,2/24/2024,R,Sal,379,25350
1762,12/20/2023,9/1/2023,P,Wilmer,119,40370
1763,5/24/2023,4/13/2024,C,Lonee,425,3655
1764,9/17/2023,8/29/2023,C,Elias,154,32625
1765,7/2/2023,3/24/2024,P,April,479,43998
1766,7/2/2023,8/2/2023,E,Dede,399,16761
1767,5/30/2023,12/18/2023,C,Noah,972,20323
1768,2/9/2024,6/20/2023,R,Coraline,16,18001
1769,12/2/2023,1/3/2024,P,Kris,544,25586
1770,6/12/2023,8/28/2023,P,Kennith,423,32129
1771,2/12/2024,2/6/2024,P,Aleda,745,15686
1772,4/23/2023,12/11/2023,R,Alwyn,427,9826
1773,11/3/2023,12/23/2023,R,Kath,684,23984
1774,5/12/2023,2/15/2024,E,Sheppard,883,20540
1775,9/17/2023,12/2/2023,C,Clark,177,40031
1776,8/16/2023,7/7/2023,P,Marigold,876,30703
1777,10/19/2023,7/17/2023,E,Alexandre,95,27644
1778,6/17/2023,8/15/2023,R,Adham,966,10485
1779,1/28/2024,11/9/2023,R,Khalil,928,24938
1780,3/7/2024,7/15/2023,R,Nike,618,5504
1781,5/25/2023,1/13/2024,C,Miles,680,1681
1782,8/13/2023,9/12/2023,C,Callida,370,20478
1783,4/11/2024,5/16/2023,P,Cristobal,870,42493
1784,4/24/2023,10/8/2023,E,Izabel,743,11968
1785,8/24/2023,3/5/2024,E,Murray,805,32160
1786,4/8/2024,2/9/2024,R,Odelia,218,13516
1787,10/1/2023,4/5/2024,C,Giorgi,345,11286
1788,6/29/2023,12/15/2023,P,Danni,78,28144
1789,5/5/2023,11/22/2023,E,Dylan,686,43156
1790,1/22/2024,3/22/2024,E,Blake,454,3467
1791,2/17/2024,2/8/2024,E,Creigh,965,28366
1792,3/19/2024,5/31/2023,P,Jammie,36,20310
1793,11/9/2023,10/27/2023,R,Augustina,869,43662
1794,11/26/2023,2/16/2024,E,Daniela,815,40124
1795,12/7/2023,1/13/2024,P,Lin,422,29688
1796,7/22/2023,9/28/2023,E,Moselle,17,26192
1797,5/29/2023,2/9/2024,C,Michel,365,25347
1798,7/16/2023,5/3/2023,E,Johnette,61,9024
1799,10/15/2023,6/18/2023,R,Ev,576,3846
1800,3/13/2024,11/14/2023,R,Rochell,239,3405
1801,5/10/2023,8/4/2023,E,Ceciley,868,29075
1802,6/24/2023,3/20/2024,E,Nananne,641,48786
1803,3/30/2024,3/24/2024,C,Liz,396,11840
1804,1/22/2024,11/16/2023,E,Mabel,793,18492
1805,7/2/2023,8/15/2023,P,Worden,317,46285
1806,8/10/2023,8/11/2023,E,Jodee,215,22503
1807,12/13/2023,5/29/2023,R,Heda,788,5550
1808,12/16/2023,4/8/2024,P,Alisha,447,22939
1809,3/25/2024,10/24/2023,C,Camellia,780,20979
1810,1/12/2024,12/15/2023,P,Wayne,554,1984
1811,10/19/2023,4/7/2024,E,Rodrigo,794,41720
1812,3/18/2024,4/10/2024,P,Zared,322,44949
1813,2/23/2024,1/29/2024,E,Skipton,889,21878
1814,2/13/2024,9/24/2023,C,Brooks,368,39929
1815,9/14/2023,7/10/2023,R,Coralie,429,24111
1816,4/14/2023,1/8/2024,P,Sherwin,654,13468
1817,3/20/2024,3/9/2024,C,Denny,749,43506
1818,1/19/2024,3/22/2024,P,Obadias,331,49541
1819,7/25/2023,9/21/2023,R,Hill,81,45007
1820,10/25/2023,7/3/2023,C,Page,448,42226
1821,12/4/2023,1/13/2024,R,Annmarie,189,17511
1822,6/12/2023,8/19/2023,P,Onfroi,493,25764
1823,8/13/2023,12/13/2023,R,Lenee,862,27925
1824,8/23/2023,1/7/2024,P,Hamlin,418,39959
1825,5/27/2023,12/3/2023,E,Sly,415,48636
1826,3/15/2024,1/23/2024,C,Franciska,796,9575
1827,9/17/2023,9/10/2023,E,Carie,985,15849
1828,11/6/2023,6/1/2023,R,Winfield,673,45146
1829,2/8/2024,11/28/2023,P,Elka,872,35819
1830,12/9/2023,11/5/2023,E,Lemar,281,15001
1831,12/10/2023,3/11/2024,P,Glad,294,26879
1832,7/14/2023,6/11/2023,C,Valaria,882,2361
1833,12/11/2023,1/30/2024,E,Oralla,785,48603
1834,4/10/2024,10/4/2023,E,Isadora,440,20827
1835,5/24/2023,8/18/2023,P,Nolana,519,39888
1836,11/29/2023,8/13/2023,R,Geraldine,552,20269
1837,2/13/2024,7/12/2023,R,Elisabeth,757,32272
1838,7/19/2023,11/29/2023,P,Elysha,737,5549
1839,7/1/2023,12/26/2023,E,Izabel,743,35436
1840,12/14/2023,7/19/2023,R,Olympia,304,49755
1841,10/14/2023,8/3/2023,E,Cassy,192,27152
1842,3/21/2024,3/18/2024,C,Barry,99,26642
1843,11/19/2023,5/27/2023,C,Giulia,261,16222
1844,4/6/2024,9/23/2023,R,Margalo,769,2149
1845,8/30/2023,2/22/2024,E,Eugenia,728,28049
1846,7/3/2023,6/23/2023,R,Gabriellia,432,4205
1847,4/26/2023,4/29/2023,R,Cole,226,6776
1848,10/26/2023,3/2/2024,P,Wesley,53,45614
1849,7/17/2023,4/26/2023,P,Gianna,690,48861
1850,10/31/2023,12/31/2023,C,Cal,11,31145
1851,10/16/2023,6/22/2023,R,Huntlee,656,30721
1852,11/3/2023,6/21/2023,R,Brannon,301,13931
1853,7/19/2023,10/14/2023,C,Alyss,707,33808
1854,7/17/2023,10/1/2023,C,Jedidiah,795,662
1855,7/21/2023,11/9/2023,P,Terrance,509,48846
1856,4/4/2024,10/18/2023,P,Van,850,22552
1857,2/15/2024,7/4/2023,R,Martynne,256,18478
1858,12/21/2023,3/2/2024,R,Happy,106,44278
1859,11/20/2023,7/14/2023,P,Petronia,439,32782
1860,7/21/2023,2/29/2024,P,Zora,136,49582
1861,11/5/2023,6/4/2023,E,Tomaso,134,6777
1862,12/6/2023,6/1/2023,E,Roobbie,718,12573
1863,10/19/2023,12/3/2023,R,Tadd,713,2564
1864,6/29/2023,10/5/2023,C,Faunie,328,26924
1865,12/22/2023,8/21/2023,P,Kaleena,710,29486
1866,6/4/2023,7/17/2023,C,Maximilien,640,17530
1867,9/28/2023,2/6/2024,P,Dorthea,146,19229
1868,9/22/2023,8/20/2023,C,Westley,678,36200
1869,9/2/2023,10/7/2023,P,Poul,912,6388
1870,2/10/2024,9/5/2023,P,Marie,496,49898
1871,3/24/2024,12/24/2023,E,Guinna,855,8819
1872,3/11/2024,5/3/2023,E,Doria,47,17199
1873,2/22/2024,9/29/2023,R,Traver,844,473
1874,10/18/2023,3/25/2024,R,Veronique,602,41766
1875,12/8/2023,12/22/2023,P,Alfredo,881,28309
1876,2/4/2024,4/11/2024,R,Fern,533,6515
1877,8/26/2023,8/1/2023,E,Melly,760,46259
1878,5/25/2023,8/21/2023,C,Melvin,87,38078
1879,6/18/2023,7/17/2023,R,Persis,483,5450
1880,1/25/2024,8/3/2023,E,Elias,154,31667
1881,6/9/2023,8/12/2023,R,Sigmund,449,19698
1882,2/10/2024,4/10/2024,C,Lonee,425,22275
1883,7/25/2023,7/3/2023,P,Nappie,377,36219
1884,5/13/2023,8/17/2023,C,Garrett,480,16525
1885,1/16/2024,1/23/2024,C,Perle,913,25261
1886,1/19/2024,10/12/2023,C,Yance,369,33967
1887,10/17/2023,5/4/2023,R,Hugo,162,24604
1888,4/9/2024,12/13/2023,C,Kip,262,5010
1889,10/10/2023,9/5/2023,C,Johann,923,49295
1890,2/6/2024,12/28/2023,P,Wileen,776,44417
1891,9/23/2023,3/23/2024,R,Thedrick,380,12396
1892,5/21/2023,2/10/2024,R,Marius,974,1777
1893,9/27/2023,5/21/2023,C,Rana,417,28535
1894,6/10/2023,12/17/2023,R,Marijo,558,11050
1895,7/16/2023,6/10/2023,E,Freddie,818,11277
1896,12/16/2023,12/12/2023,C,Camey,336,10906
1897,2/19/2024,12/27/2023,C,Dacy,877,14392
1898,3/30/2024,4/20/2023,E,Fawne,612,39085
1899,12/15/2023,9/12/2023,E,Alick,265,2471
1900,4/5/2024,9/30/2023,E,Kile,806,24922
1901,1/2/2024,11/12/2023,C,Kalinda,925,4488
1902,12/28/2023,4/26/2023,P,Tamera,960,18212
1903,7/12/2023,2/28/2024,R,Fanechka,292,276
1904,12/20/2023,7/3/2023,C,Lucien,849,10284
1905,5/13/2023,2/23/2024,P,Germaine,343,41537
1906,7/25/2023,8/13/2023,E,Gretal,44,18102
1907,8/13/2023,4/14/2024,E,Samson,360,20870
1908,2/20/2024,4/26/2023,P,Gerda,560,1625
1909,5/2/2023,11/12/2023,R,Jaynell,852,27932
1910,4/13/2023,12/2/2023,R,Bettina,182,95
1911,11/18/2023,11/23/2023,E,Sutherland,892,43166
1912,10/4/2023,4/12/2024,R,Janelle,738,5319
1913,2/29/2024,6/26/2023,P,Duffy,314,36837
1914,3/10/2024,10/4/2023,R,Adham,966,47293
1915,12/27/2023,1/26/2024,E,Umberto,248,9353
1916,2/3/2024,6/4/2023,E,Danyette,763,39552
1917,5/31/2023,6/28/2023,P,Werner,730,13233
1918,3/13/2024,6/17/2023,C,Horatius,167,37935
1919,11/19/2023,6/26/2023,C,Alan,826,1954
1920,4/14/2023,8/18/2023,P,Hamnet,499,43158
1921,11/16/2023,6/17/2023,P,Megen,614,4293
1922,5/8/2023,4/23/2023,C,Editha,938,18489
1923,2/24/2024,3/8/2024,E,Lezlie,358,48336
1924,7/3/2023,5/25/2023,P,Rock,777,23753
1925,1/1/2024,11/9/2023,E,Edd,386,25111
1926,9/28/2023,7/4/2023,E,Lyon,863,44130
1927,7/5/2023,4/2/2024,P,Lynelle,210,42596
1928,3/11/2024,3/16/2024,C,Fredia,320,41799
1929,9/22/2023,5/20/2023,C,Christyna,952,19364
1930,7/16/2023,7/16/2023,R,Berky,178,29467
1931,9/20/2023,4/14/2024,E,Ardyce,58,20466
1932,10/23/2023,9/3/2023,E,Isabel,284,11442
1933,4/13/2023,3/7/2024,R,Jedidiah,246,36489
1934,11/25/2023,4/7/2024,R,Robby,400,33006
1935,8/18/2023,3/1/2024,E,Ofilia,861,37814
1936,9/25/2023,10/26/2023,C,Siobhan,700,30453
1937,8/20/2023,2/17/2024,P,Dawna,949,38548
1938,4/26/2023,10/1/2023,P,Shandeigh,568,7826
1939,2/5/2024,10/12/2023,C,Baron,691,29007
1940,12/3/2023,9/10/2023,P,Denys,194,5610
1941,1/31/2024,8/28/2023,C,Chauncey,753,46250
1942,1/9/2024,7/2/2023,R,Arty,434,21537
1943,11/15/2023,3/3/2024,P,Claretta,196,11501
1944,8/4/2023,6/19/2023,R,Francoise,991,7924
1945,7/28/2023,7/19/2023,E,Dolley,953,40019
1946,7/22/2023,4/29/2023,R,Marsiella,630,23540
1947,3/5/2024,12/21/2023,P,Jeno,412,3713
1948,9/6/2023,6/23/2023,P,Amalee,212,31191
1949,10/5/2023,12/4/2023,P,Jolene,531,26356
1950,8/7/2023,8/21/2023,P,Loise,723,11083
1951,10/11/2023,6/11/2023,E,Georgette,896,17031
1952,5/13/2023,9/7/2023,C,Doug,610,22038
1953,9/5/2023,6/16/2023,E,Simmonds,156,6114
1954,11/1/2023,11/11/2023,C,Wynnie,546,25259
1955,1/15/2024,5/30/2023,C,Lucais,528,13813
1956,3/19/2024,7/13/2023,E,Wallis,104,39358
1957,2/23/2024,8/26/2023,C,Stevie,404,38468
1958,3/23/2024,2/28/2024,R,Chelsae,500,3470
1959,10/31/2023,9/24/2023,E,Consuelo,155,29607
1960,1/12/2024,11/16/2023,R,Caitrin,273,5593
1961,2/11/2024,9/5/2023,E,Barnard,711,35018
1962,9/17/2023,1/12/2024,P,Delmar,357,35545
1963,7/16/2023,3/17/2024,C,Daune,799,19282
1964,6/25/2023,7/9/2023,C,Albert,43,49340
1965,4/23/2023,2/15/2024,E,Lanny,702,26200
1966,12/21/2023,7/16/2023,P,Alisun,19,37200
1967,12/27/2023,4/12/2024,R,Theresina,694,23700
1968,12/26/2023,10/2/2023,R,Ediva,108,31339
1969,6/14/2023,9/12/2023,R,Henri,668,31781
1970,8/4/2023,5/10/2023,P,Kirk,21,1214
1971,4/11/2024,8/1/2023,C,Giordano,527,42513
1972,5/31/2023,12/27/2023,P,Thain,688,18825
1973,10/25/2023,8/25/2023,R,Konstanze,198,14546
1974,9/29/2023,9/29/2023,E,Robinetta,437,48713
1975,7/5/2023,4/16/2023,R,Trenton,681,27504
1976,10/8/2023,4/8/2024,R,Joice,824,16005
1977,10/17/2023,12/4/2023,R,Marnia,355,31321
1978,4/6/2024,3/1/2024,R,Eberto,403,45277
1979,6/24/2023,12/14/2023,R,Neddie,967,3359
1980,5/11/2023,11/5/2023,E,Levy,915,43402
1981,9/6/2023,3/30/2024,R,Margarita,635,6492
1982,4/11/2024,11/10/2023,C,Corissa,109,2605
1983,11/10/2023,7/15/2023,P,Hillery,433,26870
1984,5/11/2023,7/22/2023,E,Stuart,118,11831
1985,12/13/2023,7/10/2023,E,Brianna,316,35232
1986,11/2/2023,3/18/2024,R,Isaac,13,3687
1987,4/4/2024,7/26/2023,R,Gene,361,48963
1988,7/2/2023,6/6/2023,R,Juan,792,17757
1989,3/12/2024,1/24/2024,P,Alejandra,747,38836
1990,12/21/2023,10/31/2023,P,Ikey,697,22851
1991,3/4/2024,6/14/2023,R,Waylen,463,27823
1992,11/18/2023,3/30/2024,R,Rosalind,469,38042
1993,8/6/2023,7/22/2023,R,Gerrie,762,4088
1994,10/4/2023,5/19/2023,R,Berny,575,43970
1995,7/24/2023,1/23/2024,R,Marigold,876,11799
1996,6/3/2023,5/20/2023,E,Lincoln,103,7497
1997,10/20/2023,12/10/2023,R,Waldon,373,28168
1998,5/8/2023,8/14/2023,E,Klaus,750,48525
1999,2/8/2024,3/28/2024,R,Dorthea,71,24724
2000,7/18/2023,11/2/2023,R,Mira,160,38936
