id,nitEmpresa ,tipo ,precio,nombre,idPlato
1001,1483,A,100,HGH-57-WY,1764
1002,1529,A,62,EGK-88-TR,1895
1003,1557,P,61,GKK-03-CS,1133
1004,1419,P,90,QZJ-79-TT,1619
1005,1454,A,47,ROV-78-HR,1823
1006,1743,A,38,VCA-63-BL,1982
1007,1051,E,20,FVX-77-CV,1035
1008,1047,A,55,XNR-10-YF,1350
1009,1144,E,30,JAF-59-GG,1980
1010,1850,A,18,UIF-67-CC,1566
1011,1203,A,93,WQQ-27-FK,1821
1012,1070,A,1,ENC-29-LF,1161
1013,1962,E,49,AMR-87-ST,1108
1014,1911,P,74,YTI-69-YK,1024
1015,1597,P,46,GYO-71-IZ,1060
1016,1349,P,74,LMR-40-NZ,1107
1017,1593,E,10,LCR-62-RW,1868
1018,1591,E,99,JTV-61-YI,1558
1019,1761,A,46,HOO-08-LA,1462
1020,1917,P,26,SSZ-76-UB,1682
1021,1922,A,27,OHC-25-QF,1311
1022,1440,A,57,XXL-76-QM,1206
1023,1669,A,94,WDI-58-AO,1051
1024,1707,A,28,OOL-49-EY,1173
1025,1935,E,25,VGM-91-ZX,1920
1026,1283,E,97,SKY-81-SS,1386
1027,1229,E,30,WTD-54-MH,1632
1028,1439,E,32,WMA-82-KM,1438
1029,1136,A,69,KFG-97-DQ,1271
1030,1269,E,4,HIM-80-XI,1669
1031,1003,E,60,ZSM-69-LZ,1730
1032,1198,P,87,KPS-24-DY,1002
1033,1595,P,96,AHZ-17-FV,1553
1034,1655,E,50,GUS-61-PW,1590
1035,1294,E,61,YIN-03-IC,1563
1036,1523,E,5,RUP-30-FR,1951
1037,1295,P,92,GGZ-89-NJ,1683
1038,1094,P,68,NAQ-27-BG,1677
1039,1978,A,45,SFO-32-UW,1618
1040,1544,P,37,RSD-51-BJ,1579
1041,1611,P,73,DLC-87-DI,1093
1042,1358,E,97,PDE-45-SW,1546
1043,1387,A,50,DCP-97-ET,1611
1044,1291,A,35,QNR-23-WF,1314
1045,1023,P,46,LTT-35-TO,1332
1046,1258,P,100,UBL-45-AD,1211
1047,1138,P,98,EST-17-RY,1460
1048,1660,E,68,XES-23-YN,1615
1049,1152,E,34,LLP-60-HS,1170
1050,1614,E,58,SVY-93-TB,1037
1051,1928,E,63,THF-21-OR,1407
1052,1676,A,51,SCH-81-ZG,1029
1053,1296,E,55,MCH-96-ID,1889
1054,1323,E,44,YJR-21-FP,1423
1055,1375,P,46,HHD-46-JU,1119
1056,1572,P,76,PGT-66-UF,1225
1057,1806,E,68,GWK-18-VC,1784
1058,1401,P,43,BJR-88-UO,1387
1059,1087,A,81,ABJ-38-RV,1418
1060,1558,A,54,QVT-01-XS,1754
1061,1006,E,37,CXF-34-QP,1031
1062,1640,E,41,LTY-43-LW,1131
1063,1344,E,40,RQO-85-VT,1391
1064,1809,P,17,XQH-04-AS,1959
1065,1816,E,98,WEI-29-HN,1551
1066,1610,E,18,MWL-29-XS,1014
1067,1892,P,4,DYD-01-MZ,1281
1068,1139,P,92,QVC-67-FW,1478
1069,1435,E,37,ZKG-79-ZC,1760
1070,1147,E,22,ZFJ-05-II,1044
1071,1650,A,51,QBI-96-JV,1367
1072,1884,E,52,YCW-80-EU,1353
1073,1287,A,76,PAS-58-QN,1864
1074,1459,E,95,ZTX-55-YY,1515
1075,1107,A,25,ZBK-42-UI,1015
1076,1947,E,39,WJJ-67-BZ,1557
1077,1031,A,9,IZB-59-UQ,1866
1078,1698,A,85,CYS-39-NS,1519
1079,1949,A,33,XMD-62-IJ,1192
1080,1262,P,15,UJW-72-TP,1246
1081,1838,A,11,LRU-31-CV,1499
1082,1959,A,22,LNO-94-OS,1543
1083,1184,E,50,TBO-48-DR,1299
1084,1531,E,2,CDS-19-EU,1885
1085,1446,P,25,MSW-09-RW,1886
1086,1163,A,69,DQK-26-JD,1794
1087,1939,P,14,RPJ-64-KJ,1917
1088,1249,E,43,IRK-83-FH,1695
1089,1834,A,55,ZKL-06-AD,1819
1090,1412,A,73,WZV-18-MZ,1366
1091,1054,E,100,FKA-57-MV,1979
1092,1270,P,70,OKR-53-OF,1089
1093,1223,E,84,RZQ-99-OU,1197
1094,1224,E,41,KXJ-74-LB,1940
1095,1732,E,16,TNX-95-LK,1573
1096,1923,A,2,KSQ-55-NY,1858
1097,1330,P,90,UNV-15-NQ,1040
1098,1455,A,48,BKG-44-MQ,1520
1099,1465,E,100,SAZ-42-XL,1745
1100,1355,E,7,SKS-28-HO,1676
1101,1513,P,22,MKA-94-KM,1785
1102,1745,P,74,CXG-74-UG,1052
1103,1209,E,81,WFK-70-DX,1666
1104,1174,P,100,INK-20-DD,1856
1105,1239,P,16,MDW-48-KT,1833
1106,1297,P,59,ZHV-30-AI,1026
1107,1472,A,71,WKT-31-RM,1406
1108,1232,A,76,DCX-30-IH,1488
1109,1217,E,22,DWY-44-ZP,1303
1110,1666,E,44,DKA-24-ER,1506
1111,1754,A,39,CAQ-29-RQ,1383
1112,1618,E,53,GQK-41-SD,1113
1113,1966,P,30,VAU-58-NK,1398
1114,1972,P,69,XXB-85-OP,1347
1115,1490,E,52,QRF-28-IC,1297
1116,1250,P,2,RQM-04-UZ,1126
1117,1619,P,10,TJM-56-VQ,1944
1118,1840,A,38,JSI-45-HL,1055
1119,1424,P,82,PEP-25-RF,1584
1120,1565,E,85,CRY-72-EL,1072
1121,1608,E,55,XYV-53-NZ,1577
1122,1587,A,92,TDN-85-YG,1977
1123,1062,P,70,RRB-11-EI,1041
1124,1011,A,79,DLZ-58-QL,1075
1125,1632,P,70,WHK-65-EQ,1160
1126,1735,A,56,WMJ-17-CN,1448
1127,1769,A,18,WHI-39-SY,1337
1128,1253,E,64,FEP-50-XS,1593
1129,1607,P,61,UXN-24-CA,1319
1130,1926,P,32,KPO-31-IU,1042
1131,1445,E,86,LKZ-79-XN,1485
1132,1822,E,72,SIK-68-MG,1182
1133,1068,P,97,PDF-31-CB,1244
1134,1868,P,45,QQB-04-KR,1467
1135,1582,E,30,GWD-69-EM,1556
1136,1820,A,5,KRJ-09-XL,1150
1137,1606,P,27,JET-88-SI,1932
1138,1716,A,8,MSI-57-GB,1442
1139,1303,A,80,KAJ-88-QR,1159
1140,1798,A,78,ZIZ-00-QP,1280
1141,1893,A,87,KJI-93-KQ,1757
1142,1588,E,40,AZF-05-XY,1642
1143,1801,A,67,OUI-54-TL,1753
1144,1421,E,22,MNW-27-CC,1065
1145,1409,A,95,ZOE-46-FD,1550
1146,1515,A,3,YUY-00-VW,1725
1147,1912,P,57,IFK-98-BB,1461
1148,1733,A,47,LAD-93-MG,1712
1149,1076,E,18,ATQ-00-WU,1568
1150,1875,E,100,GCV-57-HC,1242
1151,1486,P,90,OVI-31-CH,1114
1152,1366,A,63,XZM-78-ZG,1923
1153,1353,P,99,MNQ-66-AI,1427
1154,1833,P,50,OYN-69-XY,1540
1155,1431,A,37,SIQ-79-PM,1473
1156,1292,P,70,LXS-75-YV,1560
1157,1374,P,50,HMQ-74-YN,1697
1158,1616,E,65,JJO-16-LD,1038
1159,1843,E,41,OYU-27-EX,1537
1160,1234,A,88,OFU-50-DY,1714
1161,1602,A,93,QSB-34-XO,1691
1162,1548,E,12,LSV-03-LA,1749
1163,1563,A,83,EYT-11-EL,1276
1164,1719,P,8,ZYP-26-PU,1110
1165,1464,A,96,FCU-95-CU,1662
1166,1714,A,65,SAX-90-RQ,1927
1167,1625,E,40,DOE-39-HU,1381
1168,1728,A,88,DHW-22-UW,1661
1169,1984,E,7,YQC-44-NK,1127
1170,1213,A,15,TNR-93-ZL,1908
1171,1221,E,6,JHK-28-KR,1679
1172,1703,P,93,SHV-53-HN,1190
1173,1339,A,23,OMD-78-KB,1521
1174,1197,E,14,CEM-69-NJ,1921
1175,1095,A,71,TEN-24-DD,1175
1176,1188,E,8,YGQ-35-HS,1693
1177,1301,E,46,DMG-48-EV,1330
1178,1048,P,50,ZFC-86-PD,1847
1179,1093,A,47,XTP-21-XU,1597
1180,1341,A,4,YGB-66-RS,1905
1181,1988,P,96,BRM-90-VS,1671
1182,1784,A,56,XQR-82-EJ,1542
1183,1627,A,96,YRW-70-CN,1829
1184,1280,P,20,ZWW-06-VF,1522
1185,1527,P,97,ODL-00-XH,1781
1186,1359,P,27,UAM-25-SQ,1456
1187,1106,E,51,MSI-39-OJ,1430
1188,1782,P,19,WXI-17-HQ,1335
1189,1245,A,84,DWU-41-PV,1227
1190,1308,A,25,VAA-01-VS,1253
1191,1519,E,17,UZH-76-HC,1155
1192,1312,A,96,URV-21-KS,1410
1193,1161,A,36,WZI-21-CB,1482
1194,1603,A,10,BSS-58-UC,1395
1195,1340,E,66,CRR-40-KX,1646
1196,1925,A,14,AJR-45-NX,1252
1197,1251,A,25,SXC-54-DJ,1342
1198,1179,E,44,NQV-19-QS,1356
1199,1447,E,44,HHB-28-OD,1219
1200,1413,P,31,LIN-92-VO,1493
1201,1111,E,53,CBP-97-MY,1259
1202,1484,E,37,YZW-98-UT,1186
1203,1126,P,91,HEQ-21-YY,1670
1204,1860,E,59,CTT-97-SJ,1667
1205,1699,A,33,BLU-72-IY,1239
1206,1795,A,33,ICN-01-CU,1414
1207,1885,P,54,XGD-99-YM,1791
1208,1497,P,68,BLV-83-QD,1345
1209,1536,P,8,NPX-99-PT,1872
1210,1932,A,4,HPV-41-MG,1001
1211,1316,P,45,FDB-56-UJ,1374
1212,1682,E,80,BND-77-FR,1139
1213,1208,P,14,URB-81-GW,1304
1214,1233,E,71,BBD-51-EA,1953
1215,1410,P,96,QBL-78-YR,1349
1216,1202,A,42,MVV-19-WL,1912
1217,1230,A,12,GYJ-45-FM,1664
1218,1089,A,71,VJF-55-DW,1003
1219,1135,P,99,FFP-93-HI,1384
1220,1976,A,30,VEE-44-WU,1440
1221,1891,E,14,RNZ-61-SW,1544
1222,1870,E,87,YXZ-47-NI,1081
1223,1212,E,46,HTL-09-AR,1622
1224,1479,P,21,DBA-48-OR,1320
1225,1765,P,33,GDZ-07-IJ,1572
1226,1305,P,55,CKT-39-QP,1390
1227,1775,E,11,BWN-26-XM,1317
1228,1946,E,40,BZL-49-TO,1305
1229,1125,P,100,JLS-86-ZH,1373
1230,1110,E,36,VEU-91-BN,1631
1231,1373,A,94,SXK-38-SM,1541
1232,1960,P,75,DZE-12-AN,1011
1233,1786,A,1,MDP-00-QN,1900
1234,1898,P,91,IEP-61-YD,1459
1235,1091,E,11,NKX-03-FF,1640
1236,1427,P,64,JRT-28-EY,1289
1237,1794,A,78,JFL-62-BZ,1254
1238,1327,E,78,JBV-69-CN,1490
1239,1480,E,54,KHN-01-MU,1368
1240,1130,P,8,LPJ-57-QP,1491
1241,1862,A,24,TUT-06-PW,1849
1242,1084,E,33,HCU-30-EM,1228
1243,1383,P,62,KAV-85-RH,1005
1244,1841,A,39,TAR-39-SY,1552
1245,1196,E,8,WTP-31-EM,1376
1246,1873,A,99,FIG-20-KM,1048
1247,1647,A,38,PXO-74-WJ,1338
1248,1688,P,99,BAI-25-SE,1870
1249,1569,E,91,PAO-48-JM,1458
1250,1778,E,44,OHP-59-SI,1036
1251,1781,A,67,UJU-04-FV,1734
1252,1334,A,51,NGP-10-LG,1875
1253,1384,A,48,VHP-06-WE,1903
1254,1444,P,55,VPR-40-RL,1710
1255,1351,E,41,TFM-66-ER,1591
1256,1659,A,70,IJH-33-OD,1058
1257,1368,E,27,JCK-16-IN,1379
1258,1300,E,34,EKD-81-FW,1444
1259,1035,E,50,VAY-37-YJ,1097
1260,1461,E,87,UKT-13-YZ,1446
1261,1434,P,61,CEZ-64-ML,1013
1262,1218,A,36,EQZ-19-GK,1910
1263,1121,A,53,TXN-52-ZC,1636
1264,1216,E,43,RWT-89-JT,1817
1265,1772,E,93,MJH-21-ZB,1333
1266,1046,E,48,OWT-70-IS,1751
1267,1505,E,33,CSZ-65-BG,1164
1268,1858,A,14,VES-61-UZ,1237
1269,1550,A,46,LYE-84-XY,1974
1270,1723,E,78,KVS-96-JO,1747
1271,1826,E,3,CWZ-06-WQ,1082
1272,1702,A,29,XHX-73-QY,1199
1273,1740,A,95,UTT-40-UE,1731
1274,1272,P,49,HAU-76-AQ,1554
1275,1302,P,69,GUN-98-NA,1832
1276,1883,A,95,CZU-75-MV,1334
1277,1749,A,68,WWL-12-FZ,1602
1278,1143,A,85,PDR-01-MQ,1411
1279,1661,P,63,YCO-17-TJ,1918
1280,1226,E,3,UKN-06-NB,1401
1281,1692,P,83,UHI-80-YZ,1412
1282,1814,P,46,ZOK-50-YY,1309
1283,1900,E,34,EZH-04-DA,1708
1284,1687,E,74,XGY-69-HL,1538
1285,1982,P,6,HHG-23-EW,1094
1286,1869,P,1,ZCT-67-BK,1796
1287,1281,A,60,KDT-91-AI,1321
1288,1748,P,23,HHA-68-HR,1700
1289,1964,E,100,HHY-84-JM,1285
1290,1029,A,1,ABZ-33-PB,1419
1291,1235,A,78,DWW-39-NG,1969
1292,1628,E,90,RHS-59-IQ,1137
1293,1919,P,45,ZKP-25-BJ,1096
1294,1691,A,55,UTM-74-RG,1533
1295,1950,E,23,NXP-87-BT,1972
1296,1396,A,5,SJF-39-VY,1178
1297,1382,P,78,ENI-97-UP,1838
1298,1331,E,16,RTH-90-GQ,1608
1299,1986,P,44,TCT-25-GU,1826
1300,1219,E,91,CQS-68-KD,1999
1301,1721,E,38,SNM-82-VK,1200
1302,1102,P,63,RWW-73-SN,1187
1303,1701,E,14,AQN-93-GJ,1188
1304,1380,P,63,DTT-68-QU,1122
1305,1958,P,9,QWH-46-LX,1699
1306,1195,P,32,HMO-10-TZ,1793
1307,1709,E,43,EPP-21-GJ,1958
1308,1045,P,72,EBW-46-ND,1421
1309,1731,E,23,OYH-56-NE,1181
1310,1164,E,46,SCH-75-AL,1692
1311,1088,E,27,AJG-38-MH,1575
1312,1562,P,62,XLU-83-UI,1701
1313,1354,A,7,EMN-16-UG,1283
1314,1318,P,76,WBY-67-YQ,1086
1315,1476,E,91,QBR-15-MN,1210
1316,1580,A,16,LBO-63-UO,1152
1317,1042,P,83,OWN-58-WR,1549
1318,1542,E,15,IYQ-10-EK,1481
1319,1058,P,72,NSZ-14-JC,1545
1320,1708,P,70,VEL-44-PL,1603
1321,1017,E,94,NGR-51-AI,1627
1322,1530,P,88,NBA-43-SC,1525
1323,1613,P,80,ZYS-80-DA,1512
1324,1609,P,92,IOO-32-MQ,1471
1325,1405,P,95,BLJ-86-OM,1416
1326,1100,P,70,KWC-38-WP,1555
1327,1453,A,83,TVM-57-HB,1156
1328,1335,A,95,YAR-40-PR,1425
1329,1124,P,48,XIW-68-DI,1741
1330,1626,P,68,DSR-18-BD,1723
1331,1835,E,59,BGA-06-RZ,1736
1332,1642,E,42,OXZ-63-BW,1302
1333,1671,E,22,VDG-98-FT,1938
1334,1290,E,54,RWF-24-EG,1574
1335,1012,P,29,EAL-39-KR,1213
1336,1151,P,71,YWG-43-KX,1362
1337,1577,P,84,UMK-64-OS,1193
1338,1007,A,36,QTZ-79-XQ,1729
1339,1961,A,67,TUX-00-VJ,1287
1340,1998,P,18,KSD-16-YU,1429
1341,1643,P,36,WJZ-45-IZ,1929
1342,1406,P,72,PLD-30-KI,1275
1343,1385,E,31,LDQ-78-BW,1241
1344,1395,P,84,KKA-82-MI,1831
1345,1181,A,72,YVM-20-XC,1811
1346,1028,A,4,ZYW-91-TT,1424
1347,1624,P,30,WYN-72-QP,1659
1348,1471,P,67,KPF-33-HW,1484
1349,1508,P,94,SPP-14-YF,1581
1350,1845,A,56,AWM-04-JX,1567
1351,1307,P,71,JPO-32-FX,1810
1352,1830,P,32,JCH-18-CY,1655
1353,1729,E,81,FII-72-SA,1144
1354,1056,A,9,YDK-43-DM,1770
1355,1955,P,31,DTH-49-UQ,1492
1356,1999,E,57,IOA-33-HR,1630
1357,1889,A,2,KLH-66-IZ,1009
1358,1081,E,59,KBO-79-FU,1262
1359,1752,A,56,IEJ-47-ZI,1724
1360,1039,E,71,BIA-53-VK,1873
1361,1502,E,40,LFC-91-KG,1220
1362,1970,E,30,QIS-97-HL,1945
1363,1466,P,42,PXF-12-FP,1394
1364,1839,E,42,RNO-28-FI,1776
1365,1694,P,34,FLH-65-ND,1943
1366,1425,A,79,XKL-28-IH,1926
1367,1499,E,39,ZMP-13-FP,1931
1368,1429,A,56,NGD-20-ZB,1062
1369,1865,A,69,EIX-00-UR,1941
1370,1325,P,86,TJV-65-TA,1236
1371,1043,A,49,JJH-03-GO,1898
1372,1996,E,72,MHM-17-FP,1422
1373,1014,A,22,WDJ-43-UV,1047
1374,1783,A,40,FEJ-82-DL,1773
1375,1322,E,73,XGJ-31-VY,1946
1376,1633,A,65,FNT-60-QK,1828
1377,1526,P,17,YGU-17-GV,1998
1378,1980,A,13,LDK-79-GD,1930
1379,1495,A,2,XOV-60-DX,1739
1380,1071,P,98,MZF-20-KN,1705
1381,1755,P,7,MKR-26-PF,1034
1382,2000,E,50,WJH-00-NJ,1154
1383,1491,A,90,LEO-74-JG,1452
1384,1876,A,38,UPA-83-YT,1063
1385,1567,E,44,LQF-93-VP,1772
1386,1261,E,66,WDA-23-GI,1987
1387,1828,E,50,VGX-41-PX,1196
1388,1882,P,13,CAE-89-BC,1216
1389,1777,E,33,TQP-77-UL,1061
1390,1092,A,28,MGP-36-DP,1594
1391,1375,P,11,FOI-65-RC,1874
1392,1109,E,26,SYN-77-OJ,1432
1393,1484,P,59,WIF-84-RM,1191
1394,1781,P,13,EHJ-27-WG,1439
1395,1082,P,21,EJZ-74-EG,1966
1396,1667,A,12,MQG-30-JP,1069
1397,1270,P,25,VBE-25-OK,1800
1398,1674,P,29,QYO-73-VY,1090
1399,1250,A,23,BJQ-66-ES,1890
1400,1701,A,75,OMF-39-ET,1993
1401,1914,A,41,VDT-78-DV,1879
1402,1947,A,52,XTI-74-YO,1371
1403,1400,P,74,ULX-54-BR,1786
1404,1061,E,55,CKF-94-XX,1675
1405,1080,A,76,DOM-24-WU,1936
1406,1221,P,5,ZWS-43-LN,1593
1407,1519,A,8,KQD-40-GA,1724
1408,1816,P,7,DGH-96-QH,1434
1409,1777,A,81,YEC-78-LL,1190
1410,1373,E,100,KJY-47-UC,1065
1411,1985,A,71,GLO-02-DV,1654
1412,1987,P,34,IMV-94-YS,1508
1413,1422,P,60,ZTM-93-DA,1762
1414,1242,A,65,OQF-46-HL,1553
1415,1672,E,21,FFN-75-DZ,1262
1416,1317,A,79,XVP-48-IC,1863
1417,1721,P,90,LFV-74-KH,1967
1418,1168,E,3,ZAN-06-ZA,1502
1419,1432,P,24,SCA-96-AM,1427
1420,1020,A,65,BBV-17-LX,1550
1421,1481,P,65,LWH-13-ZC,1269
1422,1339,E,77,VNH-57-HG,1560
1423,1977,A,5,JYH-48-XX,1619
1424,1493,E,67,HRO-18-FG,1185
1425,1414,P,61,ZBY-24-QK,1923
1426,1282,A,55,NCV-32-MI,1815
1427,1273,P,75,IWR-14-OQ,1029
1428,1352,A,4,UCR-55-PI,1651
1429,1702,P,18,FWV-09-YD,1277
1430,1252,A,93,PYF-04-JC,1830
1431,1471,E,79,YWT-74-HJ,1981
1432,1813,A,99,MQJ-27-HS,1009
1433,1568,P,91,ALN-07-UX,1996
1434,1021,E,72,JYF-35-GQ,1039
1435,1115,A,69,CXX-81-QO,1902
1436,1727,A,60,LSL-60-WF,1454
1437,1619,P,11,KCF-24-NN,1112
1438,1440,E,79,SHR-14-XW,1015
1439,1782,E,55,VQW-46-HS,1192
1440,1583,P,1,JWU-40-SQ,1864
1441,1464,P,51,BYI-12-GT,1781
1442,1915,E,1,PVL-81-OK,1393
1443,1843,P,73,RJI-37-IQ,1460
1444,1445,P,60,KRI-77-WG,1129
1445,1492,P,78,PWX-47-SV,1489
1446,1533,E,65,PCM-96-OH,1509
1447,1188,A,20,NSJ-43-PK,1675
1448,1901,A,68,AVW-64-XD,1420
1449,1554,A,16,SBO-59-GP,1669
1450,1218,P,21,NFT-61-YD,1413
1451,1343,E,3,XCN-53-GC,1700
1452,1723,A,19,NRG-80-RW,1140
1453,1555,A,24,DHN-92-IY,1652
1454,1195,P,80,MVU-81-JV,1345
1455,1696,P,9,FSJ-20-YS,1369
1456,1733,P,94,BED-02-FX,1395
1457,1357,E,16,ZHQ-34-VO,1280
1458,1575,P,50,IDQ-02-FU,1163
1459,1026,A,12,HIN-93-TK,1384
1460,1873,P,36,ZAK-96-YY,1622
1461,1965,A,37,DFI-03-QY,1003
1462,1423,A,46,NKZ-45-ZR,1309
1463,1890,A,66,UMR-17-ME,1326
1464,1113,A,89,SHJ-89-VN,1416
1465,1224,E,9,GBB-78-FQ,1174
1466,1460,E,57,FSO-87-SO,1364
1467,1638,E,4,LDF-92-NU,1002
1468,1742,P,65,GCG-92-CD,1983
1469,1735,E,98,UHQ-60-BP,1086
1470,1036,A,25,WZK-36-HV,1780
1471,1482,A,12,PYZ-79-BK,1844
1472,1104,A,98,TXX-66-XE,1683
1473,1472,P,10,BQW-30-HE,1437
1474,1825,A,18,NKP-11-SF,1809
1475,1682,E,28,UKK-46-CG,1230
1476,1631,P,50,TKD-96-WA,1940
1477,1194,P,20,SMZ-12-GS,1578
1478,1835,P,64,BDV-79-SH,1982
1479,1156,A,67,ECZ-89-UI,1650
1480,1186,A,96,VUP-87-AS,1917
1481,1800,P,23,OOL-64-DR,1595
1482,1678,A,10,ZJQ-45-QA,1035
1483,1324,A,27,GZS-81-OU,1425
1484,1290,E,38,KAZ-53-OK,1382
1485,1371,P,59,JJU-48-JR,1110
1486,1922,E,16,WOP-28-ZZ,1322
1487,1762,E,47,CWA-74-UL,1435
1488,1525,E,63,BLX-56-QF,1047
1489,1202,A,83,QQU-06-MV,1945
1490,1488,P,43,XZR-85-TS,1084
1491,1029,P,3,HKI-40-QG,1689
1492,1952,A,42,BXE-99-RT,1301
1493,1234,A,21,WBX-24-FM,1729
1494,1593,E,52,OCE-47-GZ,1766
1495,1153,E,77,TUZ-88-GC,1026
1496,1062,E,17,VDH-95-IL,1837
1497,1264,A,12,QKV-02-KQ,1264
1498,1830,E,39,ZKY-33-RK,1013
1499,1305,P,55,NHU-36-TM,1890
1500,1657,A,87,YYS-35-KB,1232
1501,1019,P,71,WTJ-26-FO,1339
1502,1669,P,4,FTW-28-FC,1438
1503,1699,E,21,QUJ-77-LK,1741
1504,1689,P,18,LNK-28-YF,1547
1505,1381,E,46,DTI-16-QU,1282
1506,1059,P,74,ELS-56-TJ,1195
1507,1809,E,86,OGR-54-NO,1300
1508,1622,A,74,PNC-95-QW,1485
1509,1483,E,88,AYU-54-XQ,1542
1510,1356,E,87,LOG-12-WH,1802
1511,1399,P,97,BGR-21-VA,1518
1512,1958,E,66,FOD-85-ZX,1635
1513,1889,P,98,VGN-39-JG,1452
1514,1906,E,91,NXA-38-GV,1722
1515,1811,P,2,ABL-70-EB,1676
1516,1058,A,90,TQG-55-HT,1347
1517,1103,P,11,DHX-45-SW,1868
1518,1003,P,30,JUB-44-BK,1496
1519,1428,E,61,YZT-89-MV,1799
1520,1470,E,99,VOT-90-SN,1707
1521,1385,E,75,MSU-91-MX,1430
1522,1203,P,22,BZR-75-BM,1811
1523,1923,A,83,IFJ-87-MN,1586
1524,1006,P,4,JBQ-15-XB,1662
1525,1590,P,38,WSU-97-JI,1067
1526,1342,E,1,ZOG-39-CK,1954
1527,1068,P,88,DLH-91-AY,1297
1528,1582,E,94,EQU-79-XX,1548
1529,1099,P,95,THP-57-AU,1867
1530,1695,E,13,BOA-34-NC,1254
1531,1368,A,83,HJT-73-EF,1632
1532,1402,E,16,QEL-17-EU,1219
1533,1200,P,28,ZGC-19-PT,1061
1534,1415,A,65,TCP-46-CT,1836
1535,1073,E,54,WOT-27-NT,1475
1536,1572,A,66,BVJ-14-RD,1292
1537,1552,E,24,CPE-26-CG,1081
1538,1732,A,95,SJZ-29-JW,1655
1539,1297,E,17,VTS-47-JU,1931
1540,1627,A,31,BNW-49-SJ,1999
1541,1391,A,98,MUT-65-MX,1158
1542,1514,P,15,QMV-41-JH,1383
1543,1269,A,4,VMH-08-DW,1721
1544,1601,P,18,CTN-83-LM,1776
1545,1773,P,95,UUQ-65-SW,1565
1546,1249,P,30,FSO-22-TW,1092
1547,1163,P,95,WAY-63-OL,1656
1548,1633,E,14,NBG-09-HI,1415
1549,1577,A,97,NJT-67-OX,1005
1550,1692,A,96,KSE-45-MQ,1973
1551,1477,E,10,HKX-70-EH,1969
1552,1651,P,44,WBF-06-WR,1545
1553,1605,P,37,TDA-02-RA,1959
1554,1091,E,51,IBI-70-QC,1532
1555,1123,A,89,TGK-54-UX,1136
1556,1208,E,2,GMU-41-LO,1448
1557,1380,A,41,NWI-27-RT,1104
1558,1122,P,68,NCA-36-QM,1674
1559,1320,A,98,XVE-54-TU,1891
1560,1826,E,70,MPW-63-QZ,1790
1561,1834,E,76,LXS-07-RN,1559
1562,1603,E,37,UZP-50-MP,1424
1563,1853,E,55,XOM-83-BK,1098
1564,1146,A,19,WIG-57-PM,1033
1565,1794,P,65,SQC-01-YA,1989
1566,1069,P,91,DKT-83-PL,1543
1567,1002,E,34,XIS-80-XM,1965
1568,1557,E,82,STM-06-BK,1715
1569,1581,A,13,YKV-20-FK,1273
1570,1025,E,25,BHI-37-QS,1244
1571,1772,E,88,DKN-51-NR,1243
1572,1001,P,21,ADA-50-VX,1840
1573,1623,P,53,AVP-06-ID,1121
1574,1465,E,89,JQG-75-ID,1159
1575,1959,P,69,BOF-20-XQ,1484
1576,1296,P,19,QYT-79-BH,1579
1577,1652,E,26,CXC-11-PL,1314
1578,1141,E,64,YUZ-92-QQ,1311
1579,1787,E,41,HHX-31-SL,1426
1580,1333,P,45,LTX-03-AJ,1389
1581,1265,A,14,BBQ-62-FC,1070
1582,1808,E,25,XZC-22-WB,1782
1583,1614,A,21,IYX-58-IN,1698
1584,1854,P,22,TML-74-YX,1441
1585,1441,E,77,VOJ-63-QY,1590
1586,1118,P,17,KIJ-08-XW,1957
1587,1299,E,14,ORQ-53-RG,1367
1588,1517,A,96,OPN-64-IZ,1634
1589,1124,A,10,DNS-02-WA,1603
1590,1175,A,22,LPQ-43-NX,1512
1591,1147,P,97,OWS-90-NJ,1905
1592,1089,E,20,NYB-52-WC,1961
1593,1197,P,49,OMU-55-KS,1879
1594,1725,P,21,TAX-91-AZ,1521
1595,1043,A,18,FCD-08-VX,1265
1596,1942,A,54,FDT-72-GR,1609
1597,1219,P,76,WVS-99-SY,1032
1598,1683,A,67,LMY-30-TX,1012
1599,1810,E,70,GHS-60-WV,1477
1600,1711,P,9,JXE-36-ZE,1470
1601,1426,P,19,JHB-28-KP,1126
1602,1349,E,52,EWI-34-MV,1795
1603,1750,A,30,QYV-92-CA,1740
1604,1591,E,56,VVJ-70-KL,1423
1605,1032,A,58,UBH-51-LX,1918
1606,1012,E,88,NGR-71-NL,1281
1607,1908,A,26,LTT-50-RI,1122
1608,1688,P,73,TIF-06-JY,1355
1609,1054,A,64,TML-48-NA,1135
1610,1629,A,9,NZJ-51-HL,1288
1611,1256,P,96,FWP-37-EG,1882
1612,1643,A,32,NFS-51-NX,1972
1613,1189,A,91,PFO-56-FC,1097
1614,1294,P,78,KZB-61-OF,1535
1615,1497,P,60,SIE-66-TV,1534
1616,1449,E,7,LWI-38-TX,1341
1617,1676,P,52,NKZ-83-VH,1873
1618,1869,P,24,LPP-52-TW,1238
1619,1509,A,3,VYS-84-HV,1215
1620,1753,E,11,JXH-41-JE,1247
1621,1768,E,87,MZH-84-KG,1284
1622,1585,E,15,YCS-79-UL,1892
1623,1418,A,11,EHJ-42-BX,1600
1624,1167,P,61,AAM-11-VV,1852
1625,1743,P,74,LSA-65-TI,1145
1626,1276,E,42,YMT-84-JW,1450
1627,1275,E,3,MIL-38-OP,1788
1628,1804,E,46,MVF-86-EP,1291
1629,1353,A,4,CUA-11-TY,1606
1630,1598,P,12,MQT-17-PW,1562
1631,1350,P,11,COW-19-ID,1234
1632,1635,E,86,NBH-98-VL,1308
1633,1086,A,35,FNJ-76-AA,1993
1634,1393,P,95,CTY-88-OW,1511
1635,1881,A,70,RTC-01-ZO,1233
1636,1361,A,66,MEL-04-QW,1584
1637,1653,E,24,KWY-70-AO,1761
1638,1105,A,86,JYH-79-ZP,1267
1639,1013,A,71,NIA-09-WK,1160
1640,1639,A,99,PYL-78-EM,1409
1641,1828,P,88,EMK-07-NZ,1731
1642,1395,P,80,MST-77-CF,1885
1643,1280,E,34,QLS-06-MC,1823
1644,1748,A,40,HDE-34-MF,1953
1645,1749,P,3,OML-38-OZ,1910
1646,1900,P,39,FKS-90-UA,1730
1647,1851,A,16,SDI-15-UC,1363
1648,1940,A,61,HIM-28-PS,1268
1649,1340,A,91,RNF-92-CD,1471
1650,1405,P,13,IYR-39-EU,1403
1651,1040,A,12,KVW-38-NY,1520
1652,1284,P,26,TGC-23-EN,1223
1653,1286,P,95,UBR-58-TH,1335
1654,1760,A,10,MEV-01-RP,1894
1655,1325,P,84,UAH-20-YP,1858
1656,1287,E,31,OHL-85-FP,1577
1657,1030,A,96,OGE-67-PP,1410
1658,1532,A,8,JAB-60-TH,1063
1659,1665,E,40,XZN-12-UH,1794
1660,1133,E,22,HQD-38-ZM,1898
1661,1179,E,92,MZB-98-CD,1329
1662,1953,E,65,RIY-81-ZG,1149
1663,1788,E,2,OPL-33-EB,1117
1664,1839,P,60,YWW-27-ZB,1714
1665,1860,P,50,QLG-83-SP,1653
1666,1821,E,55,LMG-17-CV,1406
1667,1586,P,89,TRG-79-UF,1904
1668,1951,P,41,QEJ-35-AV,1404
1669,1677,A,8,BXR-74-BR,1531
1670,1986,P,37,XHQ-49-QY,1196
1671,1306,A,27,WAK-85-KK,1359
1672,1924,P,34,WON-60-SZ,1316
1673,1745,P,38,ACY-77-RU,1717
1674,1995,A,87,OJG-75-PB,1468
1675,1780,P,25,FOL-56-RT,1572
1676,1856,P,40,OLJ-92-ZO,1962
1677,1419,P,24,NZQ-07-MM,1414
1678,1877,E,33,KAG-21-JA,1044
1679,1911,A,63,ZUY-95-FY,1527
1680,1751,E,81,ZVH-63-NE,1594
1681,1235,E,87,DOO-65-FL,1446
1682,1962,E,76,RCW-16-VT,1677
1683,1512,P,80,OEC-82-NM,1589
1684,1714,E,48,CYP-50-ZA,1934
1685,1489,A,34,XRQ-29-YU,1818
1686,1110,A,81,WYJ-63-WE,1767
1687,1757,E,22,SBA-49-BQ,1250
1688,1143,P,1,KMD-58-BL,1499
1689,1233,A,10,HCU-77-HE,1175
1690,1812,A,95,UYJ-24-YN,1334
1691,1162,A,72,UDT-60-YM,1229
1692,1383,E,70,ECL-77-HQ,1237
1693,1660,P,12,RYP-21-YU,1082
1694,1140,P,16,UAO-57-ZZ,1465
1695,1031,E,47,UGF-29-EQ,1400
1696,1011,A,84,NOY-05-DC,1027
1697,1476,P,60,TDZ-38-AV,1784
1698,1490,E,80,POL-05-CC,1645
1699,1279,P,61,QHR-98-RI,1143
1700,1903,A,70,NAE-27-OP,1516
1701,1508,P,6,ALL-11-PV,1920
1702,1779,A,76,ETH-13-ZP,1845
1703,1895,E,84,LQI-27-OR,1537
1704,1845,E,36,NFF-34-XN,1380
1705,1452,P,10,ECL-06-HZ,1218
1706,1326,P,92,IJN-32-TK,1915
1707,1238,E,30,QKL-24-CY,1376
1708,1546,P,46,LJR-05-TB,1563
1709,1367,E,84,DHV-39-HL,1483
1710,1802,A,5,DAQ-98-PD,1170
1711,1600,E,43,KPM-57-RG,1043
1712,1511,E,37,QIK-30-MJ,1164
1713,1547,E,87,ZYO-80-EF,1251
1714,1654,P,43,BCO-45-HH,1800
1715,1329,P,81,KUT-56-BV,1494
1716,1211,A,94,ILL-93-UU,1647
1717,1878,A,74,DUD-73-ZI,1177
1718,1994,P,39,QUC-03-JE,1132
1719,1902,E,64,SGK-25-HR,1587
1720,1161,P,13,WJY-72-HB,1585
1721,1658,P,4,AES-82-LC,1474
1722,1666,E,33,OWM-68-AL,1239
1723,1345,A,3,RVJ-26-ED,1031
1724,1832,E,25,JLI-02-HT,1752
1725,1650,A,32,ELI-15-SE,1832
1726,1436,A,88,VUC-67-KE,1025
1727,1946,A,2,UPV-31-XO,1014
1728,1670,P,58,VUX-12-DY,1912
1729,1798,E,19,VNP-50-NG,1306
1730,1992,E,84,YYH-84-OS,1109
1731,1035,P,62,MNL-05-UW,1510
1732,1976,E,65,BFG-91-RS,1480
1733,1703,P,40,HMK-72-BJ,1173
1734,1412,P,79,JSH-71-VE,1432
1735,1783,P,17,YUT-95-LE,1906
1736,1106,E,38,JSQ-87-ES,1690
1737,1473,P,89,LRF-70-YV,1001
1738,1145,A,12,JUD-76-LU,1023
1739,1928,A,7,CIZ-93-MW,1896
1740,1876,P,20,TKC-21-LE,1755
1741,1791,A,78,MAN-46-CS,1153
1742,1049,E,66,GSR-05-PD,1028
1743,1562,P,88,LRX-05-SQ,1442
1744,1528,P,28,YGL-14-BU,1491
1745,1271,P,18,ULV-20-WV,1172
1746,1056,E,42,TBU-19-PI,1951
1747,1183,P,66,JFV-32-EM,1546
1748,1144,A,17,VXX-73-RQ,1636
1749,1257,A,100,HJK-73-SB,1567
1750,1301,E,9,ZLY-16-ER,1617
1751,1888,E,41,IST-57-LA,1049
1752,1346,A,68,JGP-36-NV,1346
1753,1527,A,19,VWE-74-XM,1242
1754,1225,E,94,QAW-87-WB,1775
1755,1065,P,38,OHF-34-KZ,1798
1756,1094,E,63,JQS-28-UQ,1998
1757,1833,A,97,OVD-34-IN,1090
1758,1524,P,15,ERX-08-YL,1739
1759,1523,A,87,BGT-36-RC,1771
1760,1206,A,68,NRC-83-CG,1370
1761,1095,A,9,DDL-52-VR,1103
1762,1142,P,47,CPW-16-XU,1842
1763,1792,P,19,MJU-35-GA,1605
1764,1807,P,33,BHT-52-PG,1658
1765,1980,E,84,WDB-45-DW,1708
1766,1045,E,70,FYU-86-UX,1610
1767,1077,A,55,WOY-35-BL,1554
1768,1805,P,69,ZZL-38-KY,1133
1769,1047,E,76,SOR-13-JH,1621
1770,1563,A,82,PIG-10-PN,1183
1771,1803,A,55,RAS-35-XY,1883
1772,1204,E,27,NEJ-90-VV,1278
1773,1328,E,93,BCK-87-UC,1295
1774,1046,E,55,YKO-74-JO,1592
1775,1178,E,88,JRJ-03-HS,1194
1776,1661,E,63,RIF-42-JX,1397
1777,1738,E,41,OVK-95-SQ,1573
1778,1355,A,16,PRL-64-WV,1199
1779,1215,P,19,VXG-90-SR,1018
1780,1365,E,100,UPU-64-MR,1528
1781,1917,E,83,VAE-49-LK,1978
1782,1463,E,88,MWH-88-VX,1503
1783,1741,E,22,AZJ-83-WD,1526
1784,1230,A,56,IHU-46-EG,1570
1785,1093,P,72,DYK-75-RG,1088
1786,1644,P,28,RNR-96-LS,1666
1787,1805,E,32,WZX-84-LV,1710
1788,1212,E,20,PIS-54-MH,1626
1789,1134,P,65,EMJ-68-XA,1101
1790,1404,E,56,ESG-20-NZ,1017
1791,1284,E,72,FTG-20-FE,1473
1792,1051,A,95,LJW-97-ZE,1274
1793,1771,P,3,FYJ-36-IM,1556
1794,1661,P,86,DPF-19-TC,1051
1795,1084,E,69,OEJ-03-KJ,1539
1796,1898,A,15,CAC-27-TO,1854
1797,1246,E,11,ZZZ-28-WM,1412
1798,1938,P,65,KXK-43-DX,1643
1799,1103,A,92,CLG-40-VH,1202
1800,1990,E,29,CJS-90-OV,1808
1801,1037,E,6,XBF-17-NR,1411
1802,1428,E,91,XZL-28-VT,1671
1803,1963,E,80,JFM-75-SB,1034
1804,1369,P,33,QGM-68-CW,1048
1805,1388,A,14,NJL-77-MU,1894
1806,1884,A,7,GVB-52-TB,1118
1807,1137,A,13,YKS-91-IS,1763
1808,1442,A,30,CFG-58-IT,1421
1809,1390,A,89,VEY-44-GO,1917
1810,1843,E,12,XSY-16-NF,1881
1811,1554,A,30,LIS-77-KA,1701
1812,1214,P,38,MVY-84-XM,1075
1813,1809,P,73,HWR-76-MH,1104
1814,1464,A,85,YBE-75-SI,1909
1815,1360,E,77,BEN-58-JD,1120
1816,1858,A,5,WBS-04-QP,1457
1817,1275,E,63,RHZ-88-QZ,1937
1818,1758,E,36,IIL-23-VJ,1623
1819,1579,E,16,PBF-89-HI,1652
1820,1944,E,73,VPJ-28-LM,1958
1821,1838,A,65,NUI-16-SH,1948
1822,1034,E,84,VHT-40-PE,1132
1823,1467,A,42,CJW-09-RX,1618
1824,1582,P,27,VCM-46-IP,1420
1825,1986,E,92,SJV-36-OS,1246
1826,1939,E,99,EGF-83-TI,1668
1827,1517,P,57,TIT-68-HV,1130
1828,1511,A,47,XKP-58-MX,1621
1829,1412,P,31,NYT-92-SU,1339
1830,1707,E,98,KTQ-39-MJ,1544
1831,1910,P,63,BGX-38-CO,1699
1832,1207,E,99,WVG-83-AG,1516
1833,1827,P,13,QXG-95-OE,1765
1834,1565,A,30,DCB-85-TY,1081
1835,1237,A,58,YXN-66-UO,1480
1836,1617,A,4,PMF-13-IG,1373
1837,1922,P,49,IGW-95-VI,1407
1838,1597,A,47,RAI-68-QI,1753
1839,1749,P,24,WQD-38-VH,1567
1840,1094,P,85,DOY-12-TD,1344
1841,1179,E,6,KGH-44-FZ,1892
1842,1764,E,33,DMT-76-KA,1330
1843,1217,A,36,NUV-92-DG,1994
1844,1462,P,43,TSD-89-LZ,1077
1845,1121,A,42,FPQ-53-FV,1020
1846,1943,E,1,SDG-77-FO,1966
1847,1013,E,61,IQG-78-IA,1824
1848,1149,P,21,VPA-81-MH,1615
1849,1703,E,36,MPY-58-ZR,1628
1850,1978,A,71,WFF-62-SO,1001
1851,1620,E,66,VDF-84-GV,1758
1852,1458,P,100,OHF-69-NO,1504
1853,1396,A,99,WYO-10-ZB,1128
1854,1914,P,11,SEV-14-TM,1867
1855,1113,A,59,WRS-15-KK,1277
1856,1605,A,61,RXA-06-JX,1923
1857,1507,A,100,HSA-46-PR,1389
1858,1553,E,41,EME-63-BT,1199
1859,1439,A,50,PDD-08-JS,1135
1860,1188,P,39,ENB-36-EE,1780
1861,1719,P,62,SMH-12-YZ,1400
1862,1588,E,99,WJZ-57-JD,1521
1863,1658,P,38,OPI-56-OW,1905
1864,1147,E,89,GBU-77-EM,1096
1865,1495,E,70,LNF-54-NB,1514
1866,1354,A,81,PUR-46-LF,1976
1867,1102,A,8,JMQ-15-YO,1999
1868,1830,E,62,TMC-46-OK,1685
1869,1001,E,74,JBP-06-CU,1607
1870,1251,E,46,XAO-68-HN,1431
1871,1400,E,27,SHO-32-SI,1147
1872,1774,A,11,MDQ-61-DB,1456
1873,1498,A,30,DUK-28-RZ,1582
1874,1171,A,67,CSS-74-GQ,1630
1875,1535,P,33,KZH-37-VL,1868
1876,1446,A,30,EAJ-80-FT,1842
1877,1338,P,13,YKZ-02-WI,1989
1878,1304,A,28,KRS-16-ZZ,1061
1879,1341,E,16,VBY-73-JO,1612
1880,1572,P,64,CAR-02-IV,1188
1881,1491,E,93,MZN-63-BO,1195
1882,1920,P,5,HKG-50-OI,1047
1883,1004,A,12,OGS-91-TC,1416
1884,1629,E,78,UTF-43-LO,1703
1885,1459,P,98,ZDY-41-DG,1826
1886,1326,E,88,CRH-02-DW,1299
1887,1893,A,10,FCP-00-FX,1915
1888,1857,A,81,SJM-22-WF,1226
1889,1256,E,21,LIU-80-XA,1932
1890,1173,E,42,ZTF-76-AI,1434
1891,1065,A,1,OTD-79-EA,1274
1892,1897,A,49,VCS-34-NZ,1781
1893,1493,A,44,HEP-79-DS,1050
1894,1093,P,10,UST-43-IC,1796
1895,1229,E,100,REL-70-YE,1100
1896,1170,P,72,QUA-96-WS,1449
1897,1220,A,19,GMJ-85-ZA,1555
1898,1930,P,75,JYO-93-GC,1736
1899,1790,E,27,VYS-92-TE,1008
1900,1816,P,65,NAO-83-FK,1298
1901,1625,P,63,FJY-82-HG,1058
1902,1175,A,96,BQH-68-KZ,1814
1903,1593,A,54,YBH-36-BD,1281
1904,1730,A,18,RZN-94-JX,1247
1905,1457,E,100,BSQ-08-TG,1545
1906,1611,E,31,HWF-05-YN,1039
1907,1966,A,57,TDB-19-YI,1009
1908,1454,A,53,MEZ-81-EW,1402
1909,1523,P,19,JTY-77-PC,1950
1910,1208,E,25,IJV-13-YS,1029
1911,1870,E,2,HLF-44-SP,1550
1912,1111,A,77,KCT-67-EZ,1799
1913,1954,E,81,STQ-47-KB,1791
1914,1863,P,92,PYJ-19-RE,1777
1915,1826,A,15,STA-28-ZB,1513
1916,1010,E,3,OGL-73-UF,1306
1917,1573,E,86,SIW-76-VX,1811
1918,1539,A,70,LNO-33-EX,1404
1919,1560,P,10,BSY-75-OS,1891
1920,1414,P,42,SAL-32-FS,1809
1921,1315,E,13,ZQZ-42-RM,1167
1922,1098,A,27,XDY-47-ZI,1073
1923,1967,P,40,ZHA-66-NB,1098
1924,1477,E,45,RQQ-59-WD,1742
1925,1794,E,36,UXU-00-RB,1349
1926,1261,P,87,FDL-12-QS,1294
1927,1333,P,81,RNN-55-OC,1563
1928,1047,A,97,FFG-49-IZ,1803
1929,1238,E,52,FIO-66-XJ,1889
1930,1753,P,97,DNA-11-RF,1617
1931,1422,P,29,DOI-98-KO,1190
1932,1219,A,66,NQM-94-BE,1245
1933,1917,P,44,BJR-60-ZJ,1656
1934,1468,P,60,QXP-61-YP,1172
1935,1313,E,8,YQJ-01-FG,1194
1936,1258,P,39,AII-59-WV,1033
1937,1694,P,68,BEU-43-RF,1971
1938,1783,A,17,QYR-87-XW,1951
1939,1195,P,55,JAF-91-ET,1965
1940,1382,E,40,DEW-55-PT,1079
1941,1269,A,59,SSX-16-QA,1149
1942,1919,A,70,VQF-30-ZZ,1453
1943,1964,P,86,UYK-32-BF,1283
1944,1301,A,68,DSI-99-FE,1378
1945,1076,E,8,BSZ-00-VQ,1487
1946,1556,A,58,IQF-34-GE,1693
1947,1557,E,57,QRH-17-OV,1653
1948,1728,E,67,OTT-90-PT,1602
1949,1342,E,81,LKU-12-YN,1191
1950,1387,P,14,MSA-94-AD,1558
1951,1025,E,89,KOI-12-CU,1833
1952,1384,A,67,BUZ-16-PD,1600
1953,1250,P,89,MMP-95-MA,1398
1954,1524,P,78,NHA-30-SC,1023
1955,1310,E,42,MVB-20-TY,1069
1956,1787,A,90,XSR-44-RC,1887
1957,1045,E,67,LVY-59-DF,1002
1958,1618,E,82,UOJ-26-QW,1448
1959,1020,E,83,ROU-97-EB,1205
1960,1335,P,56,VOP-37-HE,1681
1961,1008,E,84,YJD-24-FU,1575
1962,1635,A,80,PYA-22-CP,1070
1963,1501,A,26,RGS-47-WC,1341
1964,1537,P,90,XFZ-87-MN,1304
1965,1228,A,25,UOE-30-FS,1035
1966,1115,A,100,SIJ-90-XD,1331
1967,1303,E,88,HAE-94-IK,1506
1968,1015,E,60,STS-12-IO,1662
1969,1740,A,27,LAG-53-US,1325
1970,1053,E,81,KQY-68-KW,1498
1971,1844,E,77,FLW-74-BC,1975
1972,1574,P,81,ZRP-08-HD,1049
1973,1283,E,97,FSF-58-TS,1115
1974,1011,E,28,EYN-26-WC,1221
1975,1946,E,68,BOA-67-DE,1114
1976,1784,E,71,QGS-81-PY,1034
1977,1697,P,84,YBB-43-KE,1713
1978,1769,P,79,MQQ-91-KJ,1470
1979,1866,A,57,ETQ-82-TJ,1202
1980,1357,P,40,ATA-72-JD,1631
1981,1850,P,81,YTW-40-BM,1672
1982,1641,E,31,FQA-09-FY,1381
1983,1985,E,17,VZQ-60-EE,1332
1984,1295,A,77,ZCV-86-GR,1279
1985,1801,A,77,CBG-36-PV,1124
1986,1281,E,64,CXL-79-HH,1690
1987,1183,A,72,RRN-36-II,1297
1988,1957,E,4,QMC-44-MW,1969
1989,1204,E,81,JQQ-74-UA,1250
1990,1846,A,26,XPO-33-HR,1518
1991,1924,A,83,PBZ-47-SL,1486
1992,1236,E,59,MKM-15-KM,1432
1993,1666,A,48,PAU-42-RW,1268
1994,1124,A,88,ASI-38-GN,1360
1995,1721,A,70,QQY-96-EC,1189
1996,1320,A,22,OOF-42-NU,1397
1997,1988,E,51,NSL-52-MV,1755
1998,1515,P,20,MCT-02-BC,1792
1999,1873,A,39,UBE-62-VJ,1323
2000,1411,E,6,TPU-11-DN,1292
